section,variable,value
available_resources,resource,ais_dynamic
available_resources,resource,ais_dynamic_daily_counts
available_resources,resource,ais_dynamic_daily_counts_mat
available_resources,resource,ais_germany
available_resources,resource,ais_static
available_resources,resource,geography_columns
available_resources,resource,geometry_columns
available_resources,resource,germany_h3
available_resources,resource,ingested_files
row_counts,table,ais_static
row_counts,count_method,exact HEAD count
row_counts,n_rows,228427
row_counts,table,ais_dynamic
row_counts,count_method,planned / approximate HEAD count
row_counts,n_rows,826793024
row_counts,table,ais_germany
row_counts,count_method,planned / approximate HEAD count
row_counts,n_rows,389947776
distinct_vessels,source,ais_static
distinct_vessels,logic,ais_static contains one row per MMSI; therefore the exact HEAD row count is used as the number of distinct vessels
distinct_vessels,distinct_mmsi,228427
ship_type_counts_top30,ship_type,Other
ship_type_counts_top30,n,57974
ship_type_counts_top30,ship_type,Cargo
ship_type_counts_top30,n,51781
ship_type_counts_top30,ship_type,Fishing Vessel
ship_type_counts_top30,n,34736
ship_type_counts_top30,ship_type,Tanker
ship_type_counts_top30,n,16496
ship_type_counts_top30,ship_type,Tug
ship_type_counts_top30,n,13257
ship_type_counts_top30,ship_type,Pleasure Craft
ship_type_counts_top30,n,9014
ship_type_counts_top30,ship_type,Special Craft
ship_type_counts_top30,n,7624
ship_type_counts_top30,ship_type,Passenger Ship
ship_type_counts_top30,n,7147
ship_type_counts_top30,ship_type,Sailing Vessel
ship_type_counts_top30,n,5164
ship_type_counts_top30,ship_type,High-Speed Craft
ship_type_counts_top30,n,1227
ship_type_counts_top30,ship_type,Search and Rescue
ship_type_counts_top30,n,1201
ship_type_counts_top30,ship_type,Wing In Ground
ship_type_counts_top30,n,644
ship_type_counts_top30,ship_type,Reserved
ship_type_counts_top30,n,320
flag_counts_top30,flag,CN
flag_counts_top30,n,67214
flag_counts_top30,flag,US
flag_counts_top30,n,13771
flag_counts_top30,flag,PA
flag_counts_top30,n,8024
flag_counts_top30,flag,NL
flag_counts_top30,n,7635
flag_counts_top30,flag,NO
flag_counts_top30,n,7303
flag_counts_top30,flag,ID
flag_counts_top30,n,6538
flag_counts_top30,flag,VN
flag_counts_top30,n,6308
flag_counts_top30,flag,LR
flag_counts_top30,n,5629
flag_counts_top30,flag,MH
flag_counts_top30,n,4991
flag_counts_top30,flag,KR
flag_counts_top30,n,4903
flag_counts_top30,flag,JP
flag_counts_top30,n,4810
flag_counts_top30,flag,GB
flag_counts_top30,n,4418
flag_counts_top30,flag,SG
flag_counts_top30,n,4161
flag_counts_top30,flag,DE
flag_counts_top30,n,4098
flag_counts_top30,flag,MT
flag_counts_top30,n,3056
flag_counts_top30,flag,AU
flag_counts_top30,n,3055
flag_counts_top30,flag,HK
flag_counts_top30,n,2800
flag_counts_top30,flag,RU
flag_counts_top30,n,2595
flag_counts_top30,flag,ES
flag_counts_top30,n,2574
flag_counts_top30,flag,DK
flag_counts_top30,n,2560
flag_counts_top30,flag,FR
flag_counts_top30,n,2537
flag_counts_top30,flag,CA
flag_counts_top30,n,2334
flag_counts_top30,flag,IN
flag_counts_top30,n,2272
flag_counts_top30,flag,TR
flag_counts_top30,n,2200
flag_counts_top30,flag,IT
flag_counts_top30,n,1964
flag_counts_top30,flag,TW
flag_counts_top30,n,1928
flag_counts_top30,flag,CY
flag_counts_top30,n,1831
flag_counts_top30,flag,BR
flag_counts_top30,n,1818
flag_counts_top30,flag,SA
flag_counts_top30,n,1607
flag_counts_top30,flag,PT
flag_counts_top30,n,1595
most_common_flag,flag,CN
most_common_flag,n,67214
ais_static_column_overview,column,mmsi
ais_static_column_overview,guessed_r_type,integer
ais_static_column_overview,n_non_missing,228427
ais_static_column_overview,example_values,"355289000, 367168640, 308621000, 229630000, 244660429"
ais_static_column_overview,column,imo
ais_static_column_overview,guessed_r_type,integer
ais_static_column_overview,n_non_missing,121121
ais_static_column_overview,example_values,"8918978, 9243162, 9169744, 9365960, 0"
ais_static_column_overview,column,name
ais_static_column_overview,guessed_r_type,character
ais_static_column_overview,n_non_missing,214784
ais_static_column_overview,example_values,"MSC SUEZ, CHARLESTON EXPRESS, GSP ALTAIR, X-PRESS MULHACEN, RS ALINDA@@@@@@@@@@@"
ais_static_column_overview,column,call_sign
ais_static_column_overview,guessed_r_type,character
ais_static_column_overview,n_non_missing,184208
ais_static_column_overview,example_values,"HPMS, WDD6126, C6PW6, 9HA3465, PH4782@"
ais_static_column_overview,column,flag
ais_static_column_overview,guessed_r_type,character
ais_static_column_overview,n_non_missing,228405
ais_static_column_overview,example_values,"PA, US, BS, MT, NL"
ais_static_column_overview,column,draught
ais_static_column_overview,guessed_r_type,numeric
ais_static_column_overview,n_non_missing,121121
ais_static_column_overview,example_values,"8.7, 10, 5, 7, 0"
ais_static_column_overview,column,ship_type_code
ais_static_column_overview,guessed_r_type,integer
ais_static_column_overview,n_non_missing,216262
ais_static_column_overview,example_values,"74, 70, 72, 79, 75"
ais_static_column_overview,column,ship_type
ais_static_column_overview,guessed_r_type,character
ais_static_column_overview,n_non_missing,206585
ais_static_column_overview,example_values,"Cargo, Passenger Ship, Other, Tanker, Wing In Ground"
ais_static_column_overview,column,length
ais_static_column_overview,guessed_r_type,integer
ais_static_column_overview,n_non_missing,216537
ais_static_column_overview,example_values,"237, 243, 83, 142, 86"
ais_static_column_overview,column,width
ais_static_column_overview,guessed_r_type,integer
ais_static_column_overview,n_non_missing,216537
ais_static_column_overview,example_values,"32, 19, 20, 8, 29"
ais_static_column_overview,column,eta
ais_static_column_overview,guessed_r_type,character
ais_static_column_overview,n_non_missing,95439
ais_static_column_overview,example_values,"2024-01-23T13:00:00+00:00, 2021-05-06T14:00:00+00:00, 2022-03-09T01:00:00+00:00, 2024-01-23T14:00:00+00:00, 2024-01-25T20:00:00+00:00"
ais_static_column_overview,column,destination
ais_static_column_overview,guessed_r_type,character
ais_static_column_overview,n_non_missing,119123
ais_static_column_overview,example_values,"CISPY, GBLGP, ANA RIG, NLRTM, ROTTERDAM BOTLEK@@@@"
ais_static_column_overview,column,static_updated_at
ais_static_column_overview,guessed_r_type,character
ais_static_column_overview,n_non_missing,203288
ais_static_column_overview,example_values,"2024-01-24T23:28:44+00:00, 2021-05-04T18:40:39+00:00, 2022-03-08T19:10:18+00:00, 2024-01-24T23:51:50+00:00, 2024-01-24T23:55:00+00:00"
ais_static_numeric_summary,column,mmsi
ais_static_numeric_summary,n_non_missing,228427
ais_static_numeric_summary,min,2010002
ais_static_numeric_summary,max,995093791
ais_static_numeric_summary,avg,387793156.841766
ais_static_numeric_summary,column,imo
ais_static_numeric_summary,n_non_missing,121121
ais_static_numeric_summary,min,0
ais_static_numeric_summary,max,977392300
ais_static_numeric_summary,avg,5416987.43702578
ais_static_numeric_summary,column,draught
ais_static_numeric_summary,n_non_missing,121121
ais_static_numeric_summary,min,0
ais_static_numeric_summary,max,25.5
ais_static_numeric_summary,avg,4.71578256401435
ais_static_numeric_summary,column,ship_type_code
ais_static_numeric_summary,n_non_missing,216262
ais_static_numeric_summary,min,0
ais_static_numeric_summary,max,255
ais_static_numeric_summary,avg,45.1552468764739
ais_static_numeric_summary,column,length
ais_static_numeric_summary,n_non_missing,216537
ais_static_numeric_summary,min,0
ais_static_numeric_summary,max,1022
ais_static_numeric_summary,avg,63.5804827812337
ais_static_numeric_summary,column,width
ais_static_numeric_summary,n_non_missing,216537
ais_static_numeric_summary,min,0
ais_static_numeric_summary,max,126
ais_static_numeric_summary,avg,11.5478001450099
ais_static_categorical_top_values,column,name
ais_static_categorical_top_values,value,@@@@@@@@@@@@@@@@@@@@
ais_static_categorical_top_values,n,666
ais_static_categorical_top_values,column,name
ais_static_categorical_top_values,value,@@@@@@@@@@@@@@@@@@@
ais_static_categorical_top_values,n,112
ais_static_categorical_top_values,column,name
ais_static_categorical_top_values,value,SH
ais_static_categorical_top_values,n,71
ais_static_categorical_top_values,column,name
ais_static_categorical_top_values,value,0@@@@@@@@@@@@@@@@@@@
ais_static_categorical_top_values,n,47
ais_static_categorical_top_values,column,name
ais_static_categorical_top_values,value,ORION
ais_static_categorical_top_values,n,33
ais_static_categorical_top_values,column,call_sign
ais_static_categorical_top_values,value,@@@@@@@
ais_static_categorical_top_values,n,25653
ais_static_categorical_top_values,column,call_sign
ais_static_categorical_top_values,value,0000000
ais_static_categorical_top_values,n,7492
ais_static_categorical_top_values,column,call_sign
ais_static_categorical_top_values,value,0@@@@@@
ais_static_categorical_top_values,n,3205
ais_static_categorical_top_values,column,call_sign
ais_static_categorical_top_values,value,1234567
ais_static_categorical_top_values,n,1500
ais_static_categorical_top_values,column,call_sign
ais_static_categorical_top_values,value,YYYY@@@
ais_static_categorical_top_values,n,755
ais_static_categorical_top_values,column,flag
ais_static_categorical_top_values,value,CN
ais_static_categorical_top_values,n,67214
ais_static_categorical_top_values,column,flag
ais_static_categorical_top_values,value,US
ais_static_categorical_top_values,n,13771
ais_static_categorical_top_values,column,flag
ais_static_categorical_top_values,value,PA
ais_static_categorical_top_values,n,8024
ais_static_categorical_top_values,column,flag
ais_static_categorical_top_values,value,NL
ais_static_categorical_top_values,n,7635
ais_static_categorical_top_values,column,flag
ais_static_categorical_top_values,value,NO
ais_static_categorical_top_values,n,7303
ais_static_categorical_top_values,column,ship_type
ais_static_categorical_top_values,value,Other
ais_static_categorical_top_values,n,57974
ais_static_categorical_top_values,column,ship_type
ais_static_categorical_top_values,value,Cargo
ais_static_categorical_top_values,n,51781
ais_static_categorical_top_values,column,ship_type
ais_static_categorical_top_values,value,Fishing Vessel
ais_static_categorical_top_values,n,34736
ais_static_categorical_top_values,column,ship_type
ais_static_categorical_top_values,value,Tanker
ais_static_categorical_top_values,n,16496
ais_static_categorical_top_values,column,ship_type
ais_static_categorical_top_values,value,Tug
ais_static_categorical_top_values,n,13257
ais_static_categorical_top_values,column,eta
ais_static_categorical_top_values,value,2024-01-01T00:00:00+00:00
ais_static_categorical_top_values,n,1833
ais_static_categorical_top_values,column,eta
ais_static_categorical_top_values,value,2024-01-01T01:01:00+00:00
ais_static_categorical_top_values,n,1119
ais_static_categorical_top_values,column,eta
ais_static_categorical_top_values,value,2024-01-25T08:00:00+00:00
ais_static_categorical_top_values,n,497
ais_static_categorical_top_values,column,eta
ais_static_categorical_top_values,value,2024-01-25T12:00:00+00:00
ais_static_categorical_top_values,n,446
ais_static_categorical_top_values,column,eta
ais_static_categorical_top_values,value,2024-01-25T06:00:00+00:00
ais_static_categorical_top_values,n,399
ais_static_categorical_top_values,column,destination
ais_static_categorical_top_values,value,@@@@@@@@@@@@@@@@@@@@
ais_static_categorical_top_values,n,17135
ais_static_categorical_top_values,column,destination
ais_static_categorical_top_values,value,0@@@@@@@@@@@@@@@@@@@
ais_static_categorical_top_values,n,692
ais_static_categorical_top_values,column,destination
ais_static_categorical_top_values,value,SHANGHAI@@@@@@@@@@@@
ais_static_categorical_top_values,n,593
ais_static_categorical_top_values,column,destination
ais_static_categorical_top_values,value,ZHOUSHAN
ais_static_categorical_top_values,n,459
ais_static_categorical_top_values,column,destination
ais_static_categorical_top_values,value,@
ais_static_categorical_top_values,n,401
ais_static_categorical_top_values,column,static_updated_at
ais_static_categorical_top_values,value,2024-01-24T23:49:28+00:00
ais_static_categorical_top_values,n,75
ais_static_categorical_top_values,column,static_updated_at
ais_static_categorical_top_values,value,2024-01-24T23:49:36+00:00
ais_static_categorical_top_values,n,73
ais_static_categorical_top_values,column,static_updated_at
ais_static_categorical_top_values,value,2024-01-24T23:46:41+00:00
ais_static_categorical_top_values,n,72
ais_static_categorical_top_values,column,static_updated_at
ais_static_categorical_top_values,value,2024-01-24T23:43:56+00:00
ais_static_categorical_top_values,n,70
ais_static_categorical_top_values,column,static_updated_at
ais_static_categorical_top_values,value,2024-01-24T23:50:18+00:00
ais_static_categorical_top_values,n,70
task2_answer_summary,metric,benelux_ships
task2_answer_summary,value,9476
task2_answer_summary,metric,german_cargo_ships
task2_answer_summary,value,291
task2_answer_summary,metric,german_cargo_longer_150m
task2_answer_summary,value,76
task2_answer_summary,metric,express_name_vessels
task2_answer_summary,value,572
task2_answer_summary,metric,dynamic_records_first_5_minutes_2022
task2_answer_summary,value,1506
task2_answer_summary,metric,distinct_vessels_first_5_minutes_2022
task2_answer_summary,value,1100
task2_answer_summary,metric,vessels_faster_than_12_knots
task2_answer_summary,value,76
task2_answer_summary,metric,cargo_vessels_faster_than_12_knots
task2_answer_summary,value,31
limit_example_ais_static,mmsi,355289000
limit_example_ais_static,name,MSC SUEZ
limit_example_ais_static,flag,PA
limit_example_ais_static,ship_type,Cargo
limit_example_ais_static,mmsi,367168640
limit_example_ais_static,name,CHARLESTON EXPRESS
limit_example_ais_static,flag,US
limit_example_ais_static,ship_type,
limit_example_ais_static,mmsi,308621000
limit_example_ais_static,name,GSP ALTAIR
limit_example_ais_static,flag,BS
limit_example_ais_static,ship_type,
limit_example_ais_static,mmsi,229630000
limit_example_ais_static,name,X-PRESS MULHACEN
limit_example_ais_static,flag,MT
limit_example_ais_static,ship_type,Cargo
limit_example_ais_static,mmsi,244660429
limit_example_ais_static,name,RS ALINDA@@@@@@@@@@@
limit_example_ais_static,flag,NL
limit_example_ais_static,ship_type,Cargo
