river_name,ship_type,distance_bin_km,n_records,bin_width_km,density_records_per_10km
Danube,Cargo,370,226,10,226
Danube,Cargo,380,11,10,11
Danube,Cargo,390,4,10,4
Danube,Cargo,410,1,10,1
Danube,Other,370,60,10,60
Danube,Passenger Ship,370,66,10,66
Danube,Passenger Ship,410,3,10,3
Danube,Unknown,350,10,10,10
Danube,Unknown,360,20,10,20
Danube,Unknown,370,2149,10,2149
Danube,Unknown,380,879,10,879
Danube,Unknown,390,49,10,49
Danube,Unknown,400,26,10,26
Danube,Unknown,410,22,10,22
Elbe,Cargo,100,82,10,82
Elbe,Cargo,320,11,10,11
Elbe,Cargo,330,20,10,20
Elbe,Cargo,350,18198,10,18198
Elbe,Other,320,12,10,12
Elbe,Other,330,131,10,131
Elbe,Other,340,21,10,21
Elbe,Other,350,3798,10,3798
Elbe,Passenger Ship,0,739,10,739
Elbe,Passenger Ship,70,2,10,2
Elbe,Passenger Ship,80,836,10,836
Elbe,Passenger Ship,130,318,10,318
Elbe,Passenger Ship,330,117,10,117
Elbe,Passenger Ship,340,207,10,207
Elbe,Passenger Ship,350,37667,10,37667
Elbe,Tanker,90,161,10,161
Elbe,Tanker,120,1,10,1
Elbe,Tanker,130,12,10,12
Elbe,Tanker,140,8,10,8
Elbe,Tanker,310,1,10,1
Elbe,Tanker,320,11,10,11
Elbe,Tanker,330,92,10,92
Elbe,Tanker,340,7,10,7
Elbe,Tanker,350,9909,10,9909
Elbe,Unknown,0,2471,10,2471
Elbe,Unknown,50,186,10,186
Elbe,Unknown,80,755,10,755
Elbe,Unknown,90,1315,10,1315
Elbe,Unknown,100,13,10,13
Elbe,Unknown,140,447,10,447
Elbe,Unknown,310,267,10,267
Elbe,Unknown,320,424,10,424
Elbe,Unknown,330,791,10,791
Elbe,Unknown,340,24,10,24
Elbe,Unknown,350,15679,10,15679
Elbe,Wing In Ground,340,19,10,19
Elbe,Wing In Ground,350,267,10,267
Ems,Cargo,190,5,10,5
Ems,Cargo,200,15,10,15
Ems,Cargo,220,6,10,6
Ems,Cargo,230,68,10,68
Ems,Cargo,250,2,10,2
Ems,Unknown,90,1,10,1
Ems,Unknown,170,58,10,58
Ems,Unknown,190,172,10,172
Ems,Unknown,200,1,10,1
Ems,Unknown,210,64,10,64
Ems,Unknown,220,172,10,172
Ems,Unknown,230,3,10,3
Ems,Unknown,240,2,10,2
Ems,Unknown,250,56,10,56
Ems,Unknown,260,75,10,75
Ems,Unknown,270,558,10,558
Main,Cargo,280,4,10,4
Main,Cargo,410,8,10,8
Main,Cargo,420,278,10,278
Main,Cargo,440,3,10,3
Main,Cargo,450,31,10,31
Main,Other,300,3,10,3
Main,Passenger Ship,200,7,10,7
Main,Passenger Ship,420,291,10,291
Main,Passenger Ship,440,2,10,2
Main,Passenger Ship,450,2,10,2
Main,Special Craft,190,171,10,171
Main,Tanker,400,5,10,5
Main,Tanker,410,5,10,5
Main,Tanker,420,95,10,95
Main,Tanker,440,5,10,5
Main,Tanker,450,14,10,14
Main,Unknown,140,19,10,19
Main,Unknown,170,2,10,2
Main,Unknown,190,598,10,598
Main,Unknown,200,7,10,7
Main,Unknown,220,1,10,1
Main,Unknown,250,1,10,1
Main,Unknown,280,461,10,461
Main,Unknown,300,2,10,2
Main,Unknown,350,2,10,2
Main,Unknown,400,44,10,44
Main,Unknown,410,29,10,29
Main,Unknown,420,3106,10,3106
Main,Unknown,430,46,10,46
Main,Unknown,440,37,10,37
Main,Unknown,450,145,10,145
Moselle,Cargo,10,8,10,8
Moselle,Cargo,20,62,10,62
Moselle,Cargo,30,169,10,169
Moselle,Cargo,40,1,10,1
Moselle,Cargo,80,2,10,2
Moselle,Cargo,130,1,10,1
Moselle,Cargo,140,27,10,27
Moselle,Cargo,150,18,10,18
Moselle,Cargo,160,6,10,6
Moselle,Cargo,190,44,10,44
Moselle,Other,20,81,10,81
Moselle,Other,30,71,10,71
Moselle,Other,120,181,10,181
Moselle,Other,140,96,10,96
Moselle,Other,150,21,10,21
Moselle,Other,160,2,10,2
Moselle,Other,190,27,10,27
Moselle,Tanker,20,4,10,4
Moselle,Tanker,30,11,10,11
Moselle,Tanker,140,5,10,5
Moselle,Unknown,10,17,10,17
Moselle,Unknown,20,227,10,227
Moselle,Unknown,30,304,10,304
Moselle,Unknown,40,5,10,5
Moselle,Unknown,60,2,10,2
Moselle,Unknown,70,24,10,24
Moselle,Unknown,80,3,10,3
Moselle,Unknown,100,10,10,10
Moselle,Unknown,110,255,10,255
Moselle,Unknown,120,246,10,246
Moselle,Unknown,130,55,10,55
Moselle,Unknown,140,700,10,700
Moselle,Unknown,150,51,10,51
Moselle,Unknown,160,4,10,4
Moselle,Unknown,170,80,10,80
Moselle,Unknown,180,22,10,22
Moselle,Unknown,190,100,10,100
Rhine,Cargo,0,117,10,117
Rhine,Cargo,10,144,10,144
Rhine,Cargo,30,172,10,172
Rhine,Cargo,40,61,10,61
Rhine,Cargo,50,1047,10,1047
Rhine,Cargo,60,561,10,561
Rhine,Cargo,70,2000,10,2000
Rhine,Cargo,80,215,10,215
Rhine,Cargo,90,202,10,202
Rhine,Cargo,100,400,10,400
Rhine,Cargo,110,82,10,82
Rhine,Cargo,120,18,10,18
Rhine,Cargo,130,11,10,11
Rhine,Cargo,140,10,10,10
Rhine,Cargo,160,2,10,2
Rhine,Cargo,170,3,10,3
Rhine,Cargo,180,26,10,26
Rhine,Cargo,190,2,10,2
Rhine,Cargo,200,35,10,35
Rhine,Cargo,210,1,10,1
Rhine,Cargo,220,19,10,19
Rhine,Cargo,230,5,10,5
Rhine,Cargo,250,91,10,91
Rhine,Cargo,260,86,10,86
Rhine,Cargo,270,326,10,326
Rhine,Cargo,280,300,10,300
Rhine,Cargo,290,1046,10,1046
Rhine,Cargo,300,162,10,162
Rhine,Cargo,310,329,10,329
Rhine,Cargo,320,1867,10,1867
Rhine,Cargo,330,940,10,940
Rhine,Cargo,340,298,10,298
Rhine,Cargo,350,727,10,727
Rhine,Cargo,360,803,10,803
Rhine,Cargo,370,1977,10,1977
Rhine,Cargo,380,244,10,244
Rhine,Cargo,390,651,10,651
Rhine,Cargo,400,675,10,675
Rhine,Cargo,410,812,10,812
Rhine,Cargo,420,1273,10,1273
Rhine,Cargo,430,182,10,182
Rhine,Cargo,440,215,10,215
Rhine,Cargo,450,30,10,30
Rhine,Cargo,460,48,10,48
Rhine,Cargo,470,1573,10,1573
Rhine,Other,0,73,10,73
Rhine,Other,10,55,10,55
Rhine,Other,30,56,10,56
Rhine,Other,40,24,10,24
Rhine,Other,50,19,10,19
Rhine,Other,60,17,10,17
Rhine,Other,70,404,10,404
Rhine,Other,80,52,10,52
Rhine,Other,90,2,10,2
Rhine,Other,100,18,10,18
Rhine,Other,110,3,10,3
Rhine,Other,140,13,10,13
Rhine,Other,150,1,10,1
Rhine,Other,180,8,10,8
Rhine,Other,190,77,10,77
Rhine,Other,220,10,10,10
Rhine,Other,230,7,10,7
Rhine,Other,240,3,10,3
Rhine,Other,250,44,10,44
Rhine,Other,260,56,10,56
Rhine,Other,270,95,10,95
Rhine,Other,280,84,10,84
Rhine,Other,290,198,10,198
Rhine,Other,300,863,10,863
Rhine,Other,310,190,10,190
Rhine,Other,320,1070,10,1070
Rhine,Other,330,152,10,152
Rhine,Other,340,519,10,519
Rhine,Other,350,682,10,682
Rhine,Other,360,94,10,94
Rhine,Other,370,647,10,647
Rhine,Other,380,406,10,406
Rhine,Other,390,258,10,258
Rhine,Other,400,503,10,503
Rhine,Other,410,584,10,584
Rhine,Other,420,235,10,235
Rhine,Other,430,101,10,101
Rhine,Other,440,60,10,60
Rhine,Other,450,1,10,1
Rhine,Other,460,1,10,1
Rhine,Other,470,1428,10,1428
Rhine,Passenger Ship,0,10,10,10
Rhine,Passenger Ship,10,35,10,35
Rhine,Passenger Ship,30,141,10,141
Rhine,Passenger Ship,40,31,10,31
Rhine,Passenger Ship,50,143,10,143
Rhine,Passenger Ship,60,64,10,64
Rhine,Passenger Ship,80,29,10,29
Rhine,Passenger Ship,90,15,10,15
Rhine,Passenger Ship,100,241,10,241
Rhine,Passenger Ship,120,31,10,31
Rhine,Passenger Ship,140,25,10,25
Rhine,Passenger Ship,160,11,10,11
Rhine,Passenger Ship,220,14,10,14
Rhine,Passenger Ship,230,3,10,3
Rhine,Passenger Ship,240,5,10,5
Rhine,Passenger Ship,250,1,10,1
Rhine,Passenger Ship,260,31,10,31
Rhine,Passenger Ship,270,98,10,98
Rhine,Passenger Ship,280,278,10,278
Rhine,Passenger Ship,290,22,10,22
Rhine,Passenger Ship,300,481,10,481
Rhine,Passenger Ship,310,672,10,672
Rhine,Passenger Ship,320,868,10,868
Rhine,Passenger Ship,330,67,10,67
Rhine,Passenger Ship,340,35,10,35
Rhine,Passenger Ship,350,34,10,34
Rhine,Passenger Ship,360,292,10,292
Rhine,Passenger Ship,370,88,10,88
Rhine,Passenger Ship,380,33,10,33
Rhine,Passenger Ship,390,15,10,15
Rhine,Passenger Ship,400,131,10,131
Rhine,Passenger Ship,410,285,10,285
Rhine,Passenger Ship,420,65,10,65
Rhine,Passenger Ship,430,14,10,14
Rhine,Passenger Ship,440,10,10,10
Rhine,Passenger Ship,450,1,10,1
Rhine,Passenger Ship,460,12,10,12
Rhine,Passenger Ship,470,72,10,72
Rhine,Tanker,0,437,10,437
Rhine,Tanker,10,348,10,348
Rhine,Tanker,30,67,10,67
Rhine,Tanker,40,392,10,392
Rhine,Tanker,50,78,10,78
Rhine,Tanker,60,67,10,67
Rhine,Tanker,70,1638,10,1638
Rhine,Tanker,80,191,10,191
Rhine,Tanker,90,65,10,65
Rhine,Tanker,100,129,10,129
Rhine,Tanker,110,222,10,222
Rhine,Tanker,120,36,10,36
Rhine,Tanker,130,19,10,19
Rhine,Tanker,140,19,10,19
Rhine,Tanker,150,1,10,1
Rhine,Tanker,160,21,10,21
Rhine,Tanker,170,3,10,3
Rhine,Tanker,180,13,10,13
Rhine,Tanker,190,27,10,27
Rhine,Tanker,200,36,10,36
Rhine,Tanker,210,18,10,18
Rhine,Tanker,220,15,10,15
Rhine,Tanker,230,47,10,47
Rhine,Tanker,250,39,10,39
Rhine,Tanker,260,79,10,79
Rhine,Tanker,270,180,10,180
Rhine,Tanker,280,533,10,533
Rhine,Tanker,290,333,10,333
Rhine,Tanker,300,857,10,857
Rhine,Tanker,310,720,10,720
Rhine,Tanker,320,364,10,364
Rhine,Tanker,330,2243,10,2243
Rhine,Tanker,340,1319,10,1319
Rhine,Tanker,350,736,10,736
Rhine,Tanker,360,276,10,276
Rhine,Tanker,370,288,10,288
Rhine,Tanker,380,160,10,160
Rhine,Tanker,390,330,10,330
Rhine,Tanker,400,412,10,412
Rhine,Tanker,410,343,10,343
Rhine,Tanker,420,317,10,317
Rhine,Tanker,430,42,10,42
Rhine,Tanker,440,81,10,81
Rhine,Tanker,450,36,10,36
Rhine,Tanker,460,33,10,33
Rhine,Tanker,470,808,10,808
Rhine,Unknown,0,288,10,288
Rhine,Unknown,10,861,10,861
Rhine,Unknown,30,537,10,537
Rhine,Unknown,40,553,10,553
Rhine,Unknown,50,1458,10,1458
Rhine,Unknown,60,1342,10,1342
Rhine,Unknown,70,6065,10,6065
Rhine,Unknown,80,372,10,372
Rhine,Unknown,90,124,10,124
Rhine,Unknown,100,494,10,494
Rhine,Unknown,110,209,10,209
Rhine,Unknown,120,149,10,149
Rhine,Unknown,130,115,10,115
Rhine,Unknown,140,50,10,50
Rhine,Unknown,150,2,10,2
Rhine,Unknown,160,2,10,2
Rhine,Unknown,170,14,10,14
Rhine,Unknown,180,107,10,107
Rhine,Unknown,190,117,10,117
Rhine,Unknown,200,137,10,137
Rhine,Unknown,210,122,10,122
Rhine,Unknown,220,73,10,73
Rhine,Unknown,230,90,10,90
Rhine,Unknown,250,420,10,420
Rhine,Unknown,260,389,10,389
Rhine,Unknown,270,1188,10,1188
Rhine,Unknown,280,1473,10,1473
Rhine,Unknown,290,3641,10,3641
Rhine,Unknown,300,2702,10,2702
Rhine,Unknown,310,2809,10,2809
Rhine,Unknown,320,9707,10,9707
Rhine,Unknown,330,3745,10,3745
Rhine,Unknown,340,2580,10,2580
Rhine,Unknown,350,1613,10,1613
Rhine,Unknown,360,2456,10,2456
Rhine,Unknown,370,5051,10,5051
Rhine,Unknown,380,1189,10,1189
Rhine,Unknown,390,2200,10,2200
Rhine,Unknown,400,1505,10,1505
Rhine,Unknown,410,5166,10,5166
Rhine,Unknown,420,1730,10,1730
Rhine,Unknown,430,341,10,341
Rhine,Unknown,440,691,10,691
Rhine,Unknown,450,130,10,130
Rhine,Unknown,460,209,10,209
Rhine,Unknown,470,3561,10,3561
Rhine,Wing In Ground,0,74,10,74
Rhine,Wing In Ground,10,29,10,29
Rhine,Wing In Ground,30,49,10,49
Rhine,Wing In Ground,40,18,10,18
Rhine,Wing In Ground,50,13,10,13
Rhine,Wing In Ground,60,18,10,18
Rhine,Wing In Ground,70,259,10,259
Rhine,Wing In Ground,80,27,10,27
Rhine,Wing In Ground,90,9,10,9
Rhine,Wing In Ground,110,50,10,50
Rhine,Wing In Ground,120,1,10,1
Rhine,Wing In Ground,250,13,10,13
Rhine,Wing In Ground,260,1,10,1
Rhine,Wing In Ground,280,21,10,21
Rhine,Wing In Ground,290,23,10,23
Rhine,Wing In Ground,310,14,10,14
Rhine,Wing In Ground,320,41,10,41
Rhine,Wing In Ground,330,20,10,20
Rhine,Wing In Ground,340,424,10,424
Rhine,Wing In Ground,350,25,10,25
Rhine,Wing In Ground,360,20,10,20
Rhine,Wing In Ground,370,267,10,267
Rhine,Wing In Ground,380,17,10,17
Rhine,Wing In Ground,390,15,10,15
Rhine,Wing In Ground,400,15,10,15
Rhine,Wing In Ground,410,6,10,6
Rhine,Wing In Ground,440,8,10,8
Rhine,Wing In Ground,450,25,10,25
Rhine,Wing In Ground,470,6,10,6
Weser,Cargo,470,1,10,1
Weser,Cargo,500,1,10,1
Weser,Cargo,510,1,10,1
Weser,Cargo,520,3,10,3
Weser,Cargo,530,9,10,9
Weser,Cargo,540,31,10,31
Weser,Cargo,550,2069,10,2069
Weser,Cargo,560,9581,10,9581
Weser,Cargo,570,189,10,189
Weser,Cargo,580,1331,10,1331
Weser,Cargo,590,129,10,129
Weser,Cargo,600,2784,10,2784
Weser,Other,550,648,10,648
Weser,Other,580,633,10,633
Weser,Passenger Ship,550,1717,10,1717
Weser,Passenger Ship,560,959,10,959
Weser,Passenger Ship,570,851,10,851
Weser,Passenger Ship,580,1193,10,1193
Weser,Passenger Ship,600,199,10,199
Weser,Tanker,560,1819,10,1819
Weser,Tanker,570,25,10,25
Weser,Tanker,580,45,10,45
Weser,Tanker,590,26,10,26
Weser,Tanker,600,11,10,11
Weser,Unknown,490,9,10,9
Weser,Unknown,500,28,10,28
Weser,Unknown,510,6,10,6
Weser,Unknown,520,11,10,11
Weser,Unknown,530,18,10,18
Weser,Unknown,540,117,10,117
Weser,Unknown,550,2733,10,2733
Weser,Unknown,560,3567,10,3567
Weser,Unknown,570,785,10,785
Weser,Unknown,580,414,10,414
Weser,Unknown,600,989,10,989
