mmsi,msg_timestamp,latitude,longitude,speed,course,heading,collection_type
211430830,2021-01-18T03:34:46Z,47.78167833333333,17.673221666666667,4.5,308,511,terrestrial
211430830,2021-01-18T03:34:53Z,47.78167833333333,17.673221666666667,4.5,308,511,terrestrial
211430830,2021-01-18T03:37:16Z,47.78371166666667,17.669471666666666,4.9,310.5,511,terrestrial
211430830,2021-01-18T03:37:23Z,47.78371166666667,17.669471666666666,4.9,310.5,511,terrestrial
211430830,2021-01-18T03:55:25Z,47.798695,17.639318333333332,4.3,305,511,terrestrial
211430830,2021-01-18T03:55:34Z,47.798695,17.639318333333332,4.3,305,511,terrestrial
211430830,2021-01-18T04:31:25Z,47.84366,17.582181666666667,7.4,321.6,511,terrestrial
211430830,2021-01-18T04:31:34Z,47.84366,17.582181666666667,7.4,321.6,511,terrestrial
211430830,2021-01-18T04:35:27Z,47.850076666666666,17.574413333333332,7.4,318.4,511,terrestrial
211430830,2021-01-18T04:35:34Z,47.850076666666666,17.574413333333332,7.4,318.4,511,terrestrial
211430830,2021-01-18T04:40:17Z,47.85756166666667,17.564668333333334,7.4,319.9,511,terrestrial
211430830,2021-01-18T04:40:25Z,47.85756166666667,17.564668333333334,7.4,319.9,511,terrestrial
211430830,2021-01-18T05:21:46Z,47.882106666666665,17.54147,0.5,318.6,511,terrestrial
211430830,2021-01-18T05:21:51Z,47.882106666666665,17.54147,0.5,318.6,511,terrestrial
211430830,2021-01-18T05:42:27Z,47.88284,17.540933333333335,0.1,215.5,511,terrestrial
211430830,2021-01-18T05:42:36Z,47.88284,17.540933333333335,0.1,215.5,511,terrestrial
211430830,2021-01-18T05:46:04Z,47.882843333333334,17.540945,0.1,196.8,511,terrestrial
211430830,2021-01-18T05:46:15Z,47.882845,17.540946666666667,0.1,200.9,511,terrestrial
211430830,2021-01-18T05:50:07Z,47.88286,17.540891666666667,1.1,311.5,511,terrestrial
211430830,2021-01-18T05:50:15Z,47.88286,17.540891666666667,1.1,311.5,511,terrestrial
211430830,2021-01-18T05:51:53Z,47.88286,17.540891666666667,1.1,311.5,511,terrestrial
211430830,2021-01-18T05:55:06Z,47.88668,17.536121666666666,5.7,318.3,511,terrestrial
211430830,2021-01-18T05:55:07Z,47.88688166666667,17.535858333333334,5.8,318.3,511,terrestrial
211430830,2021-01-18T06:00:06Z,47.89299666666667,17.526621666666667,6.4,314.4,511,terrestrial
211430830,2021-01-18T06:00:16Z,47.89299666666667,17.526621666666667,6.4,314.4,511,terrestrial
211430830,2021-01-18T06:03:53Z,47.89299666666667,17.526621666666667,6.4,314.4,511,terrestrial
211430830,2021-01-18T06:05:07Z,47.89904833333333,17.517485,6.4,314.8,511,terrestrial
211430830,2021-01-18T06:09:56Z,47.89904833333333,17.517485,6.4,314.8,511,terrestrial
211430830,2021-01-18T06:10:06Z,47.905008333333335,17.507646666666666,6.4,309.7,511,terrestrial
211430830,2021-01-18T06:15:05Z,47.91104166666667,17.497716666666665,6.4,313.9,511,terrestrial
211430830,2021-01-18T06:15:06Z,47.911231666666666,17.497433333333333,6.4,314.9,511,terrestrial
211430830,2021-01-18T06:15:54Z,47.911231666666666,17.497433333333333,6.4,314.9,511,terrestrial
211430830,2021-01-18T06:17:49Z,47.911231666666666,17.497433333333333,6.4,314.9,511,terrestrial
211430830,2021-01-18T06:20:07Z,47.91722166666667,17.488316666666666,6.3,311.9,511,terrestrial
211430830,2021-01-18T06:21:57Z,47.91722166666667,17.488316666666666,6.3,311.9,511,terrestrial
211430830,2021-01-18T06:24:14Z,47.91722166666667,17.488316666666666,6.3,311.9,511,terrestrial
211430830,2021-01-18T06:25:06Z,47.923135,17.478438333333333,6.3,312.2,511,terrestrial
211430830,2021-01-18T06:25:17Z,47.92356,17.477761666666666,6.3,312.8,511,terrestrial
211430830,2021-01-18T06:27:58Z,47.92356,17.477761666666666,6.3,312.8,511,terrestrial
211430830,2021-01-18T06:30:06Z,47.929375,17.468586666666667,6.3,312.1,511,terrestrial
211430830,2021-01-18T06:30:15Z,47.929375,17.468586666666667,6.3,312.1,511,terrestrial
211430830,2021-01-18T06:35:02Z,47.93509,17.459245,6.3,312.9,511,terrestrial
211430830,2021-01-18T06:35:05Z,47.935271666666665,17.45896,6.3,312.9,511,terrestrial
211430830,2021-01-18T06:39:59Z,47.935271666666665,17.45896,6.3,312.9,511,terrestrial
211430830,2021-01-18T06:40:04Z,47.94112333333333,17.449661666666668,6.3,312.7,511,terrestrial
211430830,2021-01-18T06:40:06Z,47.94132166666667,17.44934,6.3,312.6,511,terrestrial
211430830,2021-01-18T06:45:04Z,47.947091666666665,17.440086666666666,6.2,313.5,511,terrestrial
211430830,2021-01-18T06:45:07Z,47.947313333333334,17.439741666666666,6.2,313.7,511,terrestrial
211430830,2021-01-18T06:46:01Z,47.947313333333334,17.439741666666666,6.2,313.7,511,terrestrial
211430830,2021-01-18T06:50:07Z,47.95307,17.430518333333332,6.3,311.9,511,terrestrial
211430830,2021-01-18T06:50:17Z,47.953465,17.429866666666666,6.3,312.1,511,terrestrial
211430830,2021-01-18T06:55:06Z,47.95937,17.420711666666666,6.3,315.5,511,terrestrial
211430830,2021-01-18T06:55:16Z,47.95937,17.420711666666666,6.3,315.5,511,terrestrial
211430830,2021-01-18T06:58:04Z,47.95937,17.420711666666666,6.3,315.5,511,terrestrial
211430830,2021-01-18T06:59:19Z,47.95937,17.420711666666666,6.3,315.5,511,terrestrial
211430830,2021-01-18T06:59:20Z,47.95937,17.420711666666666,6.3,315.5,511,terrestrial
211430830,2021-01-18T07:00:17Z,47.965828333333334,17.410921666666667,6.4,310.9,511,terrestrial
211430830,2021-01-18T07:00:26Z,47.965828333333334,17.410921666666667,6.4,310.9,511,terrestrial
211430830,2021-01-18T07:05:07Z,47.971356666666665,17.401648333333334,6.4,313.1,511,terrestrial
211430830,2021-01-18T07:05:16Z,47.97177166666667,17.401003333333332,6.4,313.5,511,terrestrial
211430830,2021-01-18T07:10:06Z,47.97743666666667,17.391403333333333,6.3,308.4,511,terrestrial
211430830,2021-01-18T07:10:07Z,47.977248333333335,17.391751666666668,6.3,307.9,511,terrestrial
211430830,2021-01-18T07:15:06Z,47.983261666666664,17.381763333333332,6.1,310.6,511,terrestrial
211430830,2021-01-18T07:15:15Z,47.983261666666664,17.381763333333332,6.1,310.6,511,terrestrial
211430830,2021-01-18T07:16:07Z,47.983261666666664,17.381763333333332,6.1,310.6,511,terrestrial
211430830,2021-01-18T07:20:06Z,47.98859,17.372235,6.2,307.8,511,terrestrial
211430830,2021-01-18T07:22:06Z,47.98859,17.372235,6.2,307.8,511,terrestrial
211430830,2021-01-18T07:23:18Z,47.98859,17.372235,6.2,307.8,511,terrestrial
211430830,2021-01-18T07:25:03Z,47.99303166666667,17.361288333333334,6.3,300.8,511,terrestrial
211430830,2021-01-18T07:25:06Z,47.99316666666667,17.360953333333335,6.3,300.7,511,terrestrial
211430830,2021-01-18T07:30:05Z,47.99713666666667,17.34991,6.2,286.9,511,terrestrial
211430830,2021-01-18T07:30:06Z,47.99722,17.349503333333335,6.2,286.8,511,terrestrial
211430830,2021-01-18T07:34:06Z,47.99722,17.349503333333335,6.2,286.8,511,terrestrial
211430830,2021-01-18T07:35:01Z,47.99937,17.337293333333335,6.4,281.9,511,terrestrial
211430830,2021-01-18T07:35:07Z,47.99943666666667,17.336773333333333,6.4,280.2,511,terrestrial
211430830,2021-01-18T07:40:04Z,48.000526666666666,17.324245,6.3,273.3,511,terrestrial
211430830,2021-01-18T07:40:07Z,48.00055,17.323723333333334,6.3,273.2,511,terrestrial
211430830,2021-01-18T07:45:06Z,48.000811666666664,17.310625,6.4,269.7,511,terrestrial
211430830,2021-01-18T07:45:07Z,48.000811666666664,17.311065,6.4,269.2,511,terrestrial
211430830,2021-01-18T07:46:08Z,48.000811666666664,17.311065,6.4,269.2,511,terrestrial
211430830,2021-01-18T07:50:05Z,48.001931666666664,17.297948333333334,6.4,278.5,511,terrestrial
211430830,2021-01-18T07:50:07Z,48.001985,17.297468333333335,6.4,279.1,511,terrestrial
211430830,2021-01-18T07:55:04Z,48.004958333333335,17.285695,6.3,305.4,511,terrestrial
211430830,2021-01-18T07:55:07Z,48.00516,17.285318333333333,6.3,308.7,511,terrestrial
211430830,2021-01-18T07:58:08Z,48.00516,17.285318333333333,6.3,308.7,511,terrestrial
211430830,2021-01-18T08:00:04Z,48.010688333333334,17.275666666666666,6.2,308.7,511,terrestrial
211430830,2021-01-18T08:00:17Z,48.01105833333333,17.274996666666667,6.2,308.9,511,terrestrial
211430830,2021-01-18T08:04:09Z,48.01105833333333,17.274996666666667,6.2,308.9,511,terrestrial
211430830,2021-01-18T08:04:11Z,48.01105833333333,17.274996666666667,6.2,308.9,511,terrestrial
211430830,2021-01-18T08:05:05Z,48.016465,17.265928333333335,6.3,315.1,511,terrestrial
211430830,2021-01-18T08:05:06Z,48.01667333333334,17.265626666666666,6.2,315.5,511,terrestrial
211430830,2021-01-18T08:10:06Z,48.022888333333334,17.256605,6.2,314.9,511,terrestrial
211430830,2021-01-18T08:10:07Z,48.02270333333333,17.25688,6.2,315.2,511,terrestrial
211430830,2021-01-18T08:10:12Z,48.02270333333333,17.25688,6.2,315.2,511,terrestrial
211430830,2021-01-18T08:15:01Z,48.02887833333333,17.24776333333333,6.5,312.9,511,terrestrial
211430830,2021-01-18T08:15:06Z,48.02910333333333,17.247401666666665,6.5,312.6,511,terrestrial
211430830,2021-01-18T08:16:12Z,48.02910333333333,17.247401666666665,6.5,312.6,511,terrestrial
211430830,2021-01-18T08:17:31Z,48.02910333333333,17.247401666666665,6.5,312.6,511,terrestrial
211430830,2021-01-18T08:20:04Z,48.034835,17.237515,6.5,308,511,terrestrial
211430830,2021-01-18T08:20:06Z,48.035021666666665,17.23716,6.5,307.6,511,terrestrial
211430830,2021-01-18T08:22:12Z,48.035021666666665,17.23716,6.5,307.6,511,terrestrial
211430830,2021-01-18T08:25:05Z,48.039703333333335,17.226171666666666,6.5,295.6,511,terrestrial
211430830,2021-01-18T08:25:06Z,48.039831666666664,17.225766666666665,6.5,295.1,511,terrestrial
211430830,2021-01-18T08:28:15Z,48.039831666666664,17.225766666666665,6.5,295.1,511,terrestrial
211430830,2021-01-18T08:30:03Z,48.043238333333335,17.213956666666668,6.3,293.8,511,terrestrial
211430830,2021-01-18T08:30:07Z,48.04338333333333,17.213476666666665,6.3,293.9,511,terrestrial
211430830,2021-01-18T08:34:16Z,48.04338333333333,17.213476666666665,6.3,293.9,511,terrestrial
211430830,2021-01-18T08:35:07Z,48.04741666666666,17.202486666666665,6.3,302.7,511,terrestrial
211430830,2021-01-18T08:35:33Z,48.04741666666666,17.202486666666665,6.3,302.7,511,terrestrial
211430830,2021-01-18T08:40:07Z,48.05168833333333,17.191086666666667,6.3,307.2,511,terrestrial
211430830,2021-01-18T08:40:16Z,48.05168833333333,17.191086666666667,6.3,307.2,511,terrestrial
211430830,2021-01-18T08:40:17Z,48.05168833333333,17.191086666666667,6.3,307.2,511,terrestrial
211430830,2021-01-18T08:41:30Z,48.05168833333333,17.191086666666667,6.3,307.2,511,terrestrial
211430830,2021-01-18T08:41:31Z,48.05168833333333,17.191086666666667,6.3,307.2,511,terrestrial
211430830,2021-01-18T08:45:06Z,48.05712333333334,17.179991666666666,6.4,298.9,511,terrestrial
211430830,2021-01-18T08:45:16Z,48.05712333333334,17.179991666666666,6.4,298.9,511,terrestrial
211430830,2021-01-18T08:50:06Z,48.06187,17.169176666666665,6.3,323,511,terrestrial
211430830,2021-01-18T08:50:08Z,48.061661666666666,17.169411666666665,6.2,322.4,511,terrestrial
211430830,2021-01-18T08:55:05Z,48.069116666666666,17.16238166666667,6.4,324.7,511,terrestrial
211430830,2021-01-18T08:55:07Z,48.069383333333334,17.162105,6.4,324.7,511,terrestrial
211430830,2021-01-18T09:00:05Z,48.076746666666665,17.155668333333335,6.3,336.4,511,terrestrial
211430830,2021-01-18T09:00:26Z,48.07754833333333,17.155136666666667,6.3,335.9,511,terrestrial
211430830,2021-01-18T09:04:18Z,48.07754833333333,17.155136666666667,6.3,335.9,511,terrestrial
211430830,2021-01-18T09:05:06Z,48.08479166666667,17.150538333333333,6.3,336,511,terrestrial
211430830,2021-01-18T09:10:04Z,48.092708333333334,17.145178333333334,6.2,336.7,511,terrestrial
211430830,2021-01-18T09:10:06Z,48.092971666666664,17.145015,6.2,336.7,511,terrestrial
211430830,2021-01-18T09:15:06Z,48.10076333333333,17.139255,6.3,336,511,terrestrial
211430830,2021-01-18T09:15:08Z,48.100495,17.139431666666667,6.3,335.9,511,terrestrial
211430830,2021-01-18T09:16:20Z,48.100495,17.139431666666667,6.3,335.9,511,terrestrial
211430830,2021-01-18T09:20:06Z,48.10910833333333,17.137051666666668,6,8.4,511,terrestrial
211430830,2021-01-18T09:20:08Z,48.10883166666667,17.136998333333334,6,5.9,511,terrestrial
211430830,2021-01-18T09:25:04Z,48.11563666666667,17.14286,5.7,37.2,511,terrestrial
211430830,2021-01-18T09:25:07Z,48.11589166666667,17.143128333333333,5.6,33.7,511,terrestrial
211430830,2021-01-18T09:30:05Z,48.12267166666667,17.147393333333333,5.1,4.4,511,terrestrial
211430830,2021-01-18T09:30:07Z,48.122905,17.147398333333335,5,359,511,terrestrial
211430830,2021-01-18T09:34:24Z,48.122905,17.147398333333335,5,359,511,terrestrial
211430830,2021-01-18T09:35:05Z,48.12994,17.145706666666666,5,337.8,511,terrestrial
211430830,2021-01-18T09:35:06Z,48.129745,17.145823333333333,5,338.7,511,terrestrial
211430830,2021-01-18T09:40:08Z,48.135225,17.139365,4.9,298.4,511,terrestrial
211430830,2021-01-18T09:40:25Z,48.135225,17.139365,4.9,298.4,511,terrestrial
211430830,2021-01-18T09:40:35Z,48.135625,17.138283333333334,4.9,298.9,511,terrestrial
211430830,2021-01-18T09:45:06Z,48.137483333333336,17.12975,5.1,285.5,511,terrestrial
211430830,2021-01-18T09:46:27Z,48.137483333333336,17.12975,5.1,285.5,511,terrestrial
211430830,2021-01-18T09:50:07Z,48.13839,17.119566666666667,4.8,278,511,terrestrial
211430830,2021-01-18T09:52:26Z,48.13839,17.119566666666667,4.8,278,511,terrestrial
211430830,2021-01-18T09:53:22Z,48.13839,17.119566666666667,4.8,278,511,terrestrial
211430830,2021-01-18T09:55:07Z,48.13817,17.109211666666667,4.9,260.2,511,terrestrial
211430830,2021-01-18T09:55:08Z,48.138215,17.109543333333335,4.9,255.3,511,terrestrial
211430830,2021-01-18T09:58:29Z,48.138215,17.109543333333335,4.9,255.3,511,terrestrial
211430830,2021-01-18T10:00:00Z,48.137675,17.099681666666665,4.5,263.8,511,terrestrial
211430830,2021-01-18T10:00:07Z,48.137683333333335,17.099805,4.5,263.8,511,terrestrial
211430830,2021-01-18T10:04:28Z,48.137683333333335,17.099805,4.5,263.8,511,terrestrial
211430830,2021-01-18T10:05:00Z,48.138396666666665,17.091096666666665,3.8,280.6,511,terrestrial
211430830,2021-01-18T10:05:05Z,48.13838166666667,17.091198333333335,3.8,280.3,511,terrestrial
211430830,2021-01-18T10:05:13Z,48.13838166666667,17.091198333333335,3.8,280.3,511,terrestrial
211430830,2021-01-18T10:05:24Z,48.13838166666667,17.091198333333335,3.8,280.3,511,terrestrial
211430830,2021-01-18T10:10:00Z,48.139788333333335,17.085075,4,295.3,511,terrestrial
211430830,2021-01-18T10:10:30Z,48.139788333333335,17.085075,4,295.3,511,terrestrial
211430830,2021-01-18T10:15:00Z,48.142266666666664,17.077548333333333,3.8,288.8,511,terrestrial
211430830,2021-01-18T10:15:04Z,48.14224333333333,17.077646666666666,3.8,288.7,511,terrestrial
211430830,2021-01-18T10:16:29Z,48.14224333333333,17.077646666666666,3.8,288.7,511,terrestrial
211430830,2021-01-18T10:16:30Z,48.14224333333333,17.077646666666666,3.8,288.7,511,terrestrial
211430830,2021-01-18T10:17:26Z,48.14224333333333,17.077646666666666,3.8,288.7,511,terrestrial
211430830,2021-01-18T10:17:27Z,48.14224333333333,17.077646666666666,3.8,288.7,511,terrestrial
211430830,2021-01-18T10:20:04Z,48.143771666666666,17.070151666666668,3.8,275.8,511,terrestrial
211430830,2021-01-18T10:20:06Z,48.143798333333336,17.06984,3.8,275.7,511,terrestrial
211430830,2021-01-18T10:22:29Z,48.143798333333336,17.06984,3.8,275.7,511,terrestrial
211430830,2021-01-18T10:25:04Z,48.144173333333335,17.062183333333333,3.7,266.1,511,terrestrial
211430830,2021-01-18T10:25:06Z,48.14418,17.062385,3.7,265.5,511,terrestrial
211430830,2021-01-18T10:28:32Z,48.14418,17.062385,3.7,265.5,511,terrestrial
211430830,2021-01-18T10:30:00Z,48.143525,17.055455,3.2,252.3,511,terrestrial
211430830,2021-01-18T10:30:02Z,48.14349333333333,17.055286666666667,3.2,252.3,511,terrestrial
211430830,2021-01-18T10:35:02Z,48.14215,17.049475,3.2,245.7,511,terrestrial
211430830,2021-01-18T10:35:05Z,48.14217333333333,17.049558333333334,3.2,245.8,511,terrestrial
211430830,2021-01-18T10:40:03Z,48.14024166666667,17.042488333333335,4,247.4,511,terrestrial
211430830,2021-01-18T10:40:06Z,48.14016,17.04218,4,246.3,511,terrestrial
211430830,2021-01-18T10:45:02Z,48.139631666666666,17.034665,3.8,268.4,511,terrestrial
211430830,2021-01-18T10:45:05Z,48.139631666666666,17.034821666666666,3.7,269.6,511,terrestrial
211430830,2021-01-18T10:46:33Z,48.139631666666666,17.034821666666666,3.7,269.6,511,terrestrial
211430830,2021-01-18T10:50:02Z,48.140485,17.02786,3,264.3,511,terrestrial
211430830,2021-01-18T10:50:04Z,48.14049,17.028025,3,266.6,511,terrestrial
211430830,2021-01-18T10:55:06Z,48.14259333333333,17.023138333333332,2.9,303.6,511,terrestrial
211430830,2021-01-18T10:55:18Z,48.142761666666665,17.022748333333332,2.6,304.5,511,terrestrial
211430830,2021-01-18T10:58:37Z,48.142761666666665,17.022748333333332,2.6,304.5,511,terrestrial
211430830,2021-01-18T10:59:40Z,48.142761666666665,17.022748333333332,2.6,304.5,511,terrestrial
211430830,2021-01-18T11:00:04Z,48.146343333333334,17.02057,3.1,326,511,terrestrial
211430830,2021-01-18T11:00:17Z,48.146343333333334,17.02057,3.1,326,511,terrestrial
211430830,2021-01-18T11:08:03Z,48.152145,17.014041666666667,2.8,320.3,511,terrestrial
211430830,2021-01-18T11:10:00Z,48.15325833333333,17.012453333333333,2.9,305.5,511,terrestrial
211430830,2021-01-18T11:10:40Z,48.15359,17.011755,3,303,511,terrestrial
211430830,2021-01-18T11:15:00Z,48.155591666666666,17.00730666666667,3.2,302.3,511,terrestrial
211430830,2021-01-18T11:15:18Z,48.155815,17.006765,3.3,301.3,511,terrestrial
211430830,2021-01-18T11:20:26Z,48.15787666666667,17.000896666666666,2.8,292.1,511,terrestrial
211430830,2021-01-18T11:20:34Z,48.15787666666667,17.000896666666666,2.8,292.1,511,terrestrial
211430830,2021-01-18T11:22:38Z,48.15787666666667,17.000896666666666,2.8,292.1,511,terrestrial
211430830,2021-01-18T11:25:00Z,48.15974,16.99697,2.6,302.2,511,terrestrial
211430830,2021-01-18T11:25:11Z,48.15974,16.99697,2.6,302.2,511,terrestrial
211430830,2021-01-18T11:28:38Z,48.15974,16.99697,2.6,302.2,511,terrestrial
211430830,2021-01-18T11:30:02Z,48.16216,16.99239,3,313.9,511,terrestrial
211430830,2021-01-18T11:30:06Z,48.162121666666664,16.992448333333332,3,314.3,511,terrestrial
211430830,2021-01-18T11:35:04Z,48.165373333333335,16.987495,3.5,315.5,511,terrestrial
211430830,2021-01-18T11:35:14Z,48.165373333333335,16.987495,3.5,315.5,511,terrestrial
211430830,2021-01-18T11:40:14Z,48.168708333333335,16.982003333333335,3.2,312.6,511,terrestrial
211430830,2021-01-18T11:50:26Z,48.1736,16.970455,2.9,273.9,511,terrestrial
211430830,2021-01-18T11:55:08Z,48.17335666666666,16.964921666666665,2.7,256.3,511,terrestrial
211430830,2021-01-18T12:01:36Z,48.17077,16.958563333333334,2.8,229.7,511,terrestrial
211430830,2021-01-18T12:05:44Z,48.168396666666666,16.955203333333333,2.8,207.8,511,terrestrial
211430830,2021-01-18T12:09:15Z,48.165913333333336,16.953541666666666,3,200.2,511,terrestrial
211430830,2021-01-18T12:10:08Z,48.16517666666667,16.953021666666668,2.9,206.1,511,terrestrial
211430830,2021-01-18T12:10:14Z,48.165081666666666,16.95295,2.9,206.7,511,terrestrial
211430830,2021-01-18T12:15:00Z,48.161141666666666,16.950291666666665,3.4,202.7,511,terrestrial
211430830,2021-01-18T12:15:22Z,48.160803333333334,16.950048333333335,3.4,207,511,terrestrial
211430830,2021-01-18T12:20:00Z,48.15717,16.947541666666666,3,206.8,511,terrestrial
211430830,2021-01-18T12:20:03Z,48.15712333333333,16.947503333333334,3,207.2,511,terrestrial
211430830,2021-01-18T12:20:04Z,48.15709833333333,16.947485,3,205.9,511,terrestrial
211430830,2021-01-18T12:25:15Z,48.15342666666667,16.944345,2.8,205.2,511,terrestrial
211430830,2021-01-18T12:25:16Z,48.15340333333333,16.94433,2.8,204.9,511,terrestrial
211430830,2021-01-18T12:30:08Z,48.15061166666667,16.94067,3.3,234.8,511,terrestrial
211430830,2021-01-18T12:30:14Z,48.15054666666666,16.940521666666665,3.3,235,511,terrestrial
211430830,2021-01-18T12:35:03Z,48.14864,16.935415,2.2,255.5,511,terrestrial
211430830,2021-01-18T12:35:12Z,48.148621666666664,16.935265,2.2,257.2,511,terrestrial
211430830,2021-01-18T12:40:00Z,48.14802666666667,16.93087166666667,2.6,269.3,511,terrestrial
211430830,2021-01-18T12:40:16Z,48.14803833333333,16.930541666666667,2.7,272,511,terrestrial
211430830,2021-01-18T12:45:04Z,48.14781,16.924716666666665,2.9,269,511,terrestrial
211430830,2021-01-18T12:45:14Z,48.147816666666664,16.924478333333333,2.9,271.2,511,terrestrial
211430830,2021-01-18T12:50:00Z,48.14809,16.919095,2.9,263.9,511,terrestrial
211430830,2021-01-18T12:50:08Z,48.148041666666664,16.91875,2.9,254.7,511,terrestrial
211430830,2021-01-18T12:55:03Z,48.147483333333334,16.91425,1.9,256.9,511,terrestrial
211430830,2021-01-18T12:55:36Z,48.147455,16.913815,1.9,258.3,511,terrestrial
211430830,2021-01-18T12:58:43Z,48.147455,16.913815,1.9,258.3,511,terrestrial
211430830,2021-01-18T13:00:08Z,48.146365,16.910315,2.5,240.8,511,terrestrial
211430830,2021-01-18T13:01:44Z,48.14608166666667,16.908556666666666,2.9,254.2,511,terrestrial
211430830,2021-01-18T13:05:00Z,48.14452166666667,16.90482,3.8,235,511,terrestrial
211430830,2021-01-18T13:10:00Z,48.141365,16.898525,3.8,232,511,terrestrial
211430830,2021-01-18T13:14:08Z,48.13918,16.894223333333333,2.8,226.2,511,terrestrial
211430830,2021-01-18T13:15:04Z,48.13870166666667,16.893396666666668,2.9,223.3,511,terrestrial
211430830,2021-01-18T13:15:07Z,48.13870166666667,16.893396666666668,2.9,223.3,511,terrestrial
211430830,2021-01-18T13:20:02Z,48.13583166666667,16.888593333333333,3,232.1,511,terrestrial
211430830,2021-01-18T13:20:03Z,48.13583166666667,16.888593333333333,3,232.1,511,terrestrial
211430830,2021-01-18T13:25:08Z,48.13308333333333,16.883866666666666,2.9,237.5,511,terrestrial
211430830,2021-01-18T13:25:11Z,48.13308333333333,16.883866666666666,2.9,237.5,511,terrestrial
211430830,2021-01-18T13:30:44Z,48.13075333333333,16.878998333333332,2.5,227.9,511,terrestrial
211430830,2021-01-18T13:35:36Z,48.12918333333333,16.874221666666667,2.8,241.1,511,terrestrial
211430830,2021-01-18T13:41:12Z,48.127955,16.868251666666666,3.1,255.9,511,terrestrial
211430830,2021-01-18T13:45:00Z,48.12714,16.86362,3.2,266.2,511,terrestrial
211430830,2021-01-18T13:45:58Z,48.12708666666666,16.862293333333334,3.2,260.9,511,terrestrial
211430830,2021-01-18T13:54:28Z,48.12636,16.851431666666667,3.3,259.7,511,terrestrial
211430830,2021-01-18T13:55:46Z,48.126063333333335,16.849618333333332,3.5,249.6,511,terrestrial
211430830,2021-01-18T13:55:49Z,48.126063333333335,16.849618333333332,3.5,249.6,511,terrestrial
211430830,2021-01-18T14:00:03Z,48.12428833333333,16.844026666666668,3.2,248.2,511,terrestrial
211430830,2021-01-18T14:02:26Z,48.123535,16.841211666666666,3,243,511,terrestrial
211430830,2021-01-18T14:05:24Z,48.122683333333335,16.838295,2.4,246,511,terrestrial
211430830,2021-01-18T14:05:27Z,48.122683333333335,16.838295,2.4,246,511,terrestrial
211430830,2021-01-18T14:15:44Z,48.121188333333336,16.829325,1.8,253.8,511,terrestrial
211430830,2021-01-18T14:20:15Z,48.1208,16.825468333333333,2.2,239.6,511,terrestrial
211430830,2021-01-18T14:26:28Z,48.119625,16.819181666666665,2.9,250.8,511,terrestrial
211430830,2021-01-18T14:28:32Z,48.11906,16.816783333333333,3.1,252.4,511,terrestrial
211430830,2021-01-18T14:30:03Z,48.11862333333333,16.814951666666666,3.2,248.9,511,terrestrial
211430830,2021-01-18T14:30:24Z,48.11851166666667,16.814503333333334,3.1,246.3,511,terrestrial
211430830,2021-01-18T14:35:32Z,48.11696,16.808078333333334,3.2,258.8,511,terrestrial
211430830,2021-01-18T14:40:00Z,48.115898333333334,16.802001666666666,3.3,257.8,511,terrestrial
211430830,2021-01-18T14:40:38Z,48.11580333333333,16.801118333333335,3.2,260.6,511,terrestrial
211430830,2021-01-18T14:45:03Z,48.115746666666666,16.79512666666667,3.3,272,511,terrestrial
211430830,2021-01-18T14:46:42Z,48.11580333333333,16.792955,2.9,267.4,511,terrestrial
211430830,2021-01-18T14:50:00Z,48.116238333333335,16.789668333333335,2.2,278.7,511,terrestrial
211430830,2021-01-18T14:50:06Z,48.116256666666665,16.78955,2.2,285.3,511,terrestrial
211430830,2021-01-18T14:53:02Z,48.116256666666665,16.78955,2.2,285.3,511,terrestrial
211430830,2021-01-18T14:55:00Z,48.11728166666666,16.785216666666667,2.7,287.8,511,terrestrial
211430830,2021-01-18T14:55:04Z,48.117306666666664,16.785108333333334,2.7,287.9,511,terrestrial
211430830,2021-01-18T14:59:03Z,48.117306666666664,16.785108333333334,2.7,287.9,511,terrestrial
211430830,2021-01-18T15:00:00Z,48.119105,16.779303333333335,3.3,293.4,511,terrestrial
211430830,2021-01-18T15:00:04Z,48.119143333333334,16.779178333333334,3.3,293.5,511,terrestrial
211430830,2021-01-18T15:05:04Z,48.12097333333333,16.772851666666668,3.2,289.8,511,terrestrial
211430830,2021-01-18T15:05:05Z,48.12097333333333,16.772851666666668,3.2,289.8,511,terrestrial
211430830,2021-01-18T15:05:06Z,48.120995,16.77276833333333,3.2,289.6,511,terrestrial
211430830,2021-01-18T15:10:00Z,48.122715,16.76748,2.7,294.3,511,terrestrial
211430830,2021-01-18T15:10:06Z,48.12275666666667,16.767341666666667,2.7,292.8,511,terrestrial
211430830,2021-01-18T15:11:05Z,48.12275666666667,16.767341666666667,2.7,292.8,511,terrestrial
211430830,2021-01-18T15:15:00Z,48.12419666666667,16.762553333333333,2.3,294.2,511,terrestrial
211430830,2021-01-18T15:15:06Z,48.124235,16.762438333333332,2.3,296.1,511,terrestrial
211430830,2021-01-18T15:17:06Z,48.124235,16.762438333333332,2.3,296.1,511,terrestrial
211430830,2021-01-18T15:20:00Z,48.12551,16.758228333333335,2.3,299.3,511,terrestrial
211430830,2021-01-18T15:20:06Z,48.125545,16.758113333333334,2.2,290.2,511,terrestrial
211430830,2021-01-18T15:23:07Z,48.125545,16.758113333333334,2.2,290.2,511,terrestrial
211430830,2021-01-18T15:25:03Z,48.12667,16.753823333333333,2.9,293.4,511,terrestrial
211430830,2021-01-18T15:25:06Z,48.126693333333336,16.753748333333334,3,293.5,511,terrestrial
211430830,2021-01-18T15:30:00Z,48.12807,16.747488333333333,3.6,272,511,terrestrial
211430830,2021-01-18T15:30:42Z,48.128116666666664,16.74638,3.6,273.1,511,terrestrial
211430830,2021-01-18T15:35:00Z,48.12884666666667,16.740561666666668,3.1,259,511,terrestrial
211430830,2021-01-18T15:37:56Z,48.12851,16.73649,3.4,265.9,511,terrestrial
211430830,2021-01-18T15:40:03Z,48.12816,16.733655,3.4,250.3,511,terrestrial
211430830,2021-01-18T15:45:00Z,48.126153333333335,16.727186666666668,3.7,255.8,511,terrestrial
211430830,2021-01-18T15:47:10Z,48.126153333333335,16.727186666666668,3.7,255.8,511,terrestrial
211430830,2021-01-18T15:50:15Z,48.12514,16.72003,2.7,254.1,511,terrestrial
211430830,2021-01-18T15:55:20Z,48.123713333333335,16.71469,3.1,238,511,terrestrial
211430830,2021-01-18T15:59:12Z,48.123713333333335,16.71469,3.1,238,511,terrestrial
211430830,2021-01-18T16:00:03Z,48.12151333333333,16.70957,2.8,232.2,511,terrestrial
211430830,2021-01-18T16:05:00Z,48.11976333333333,16.70586,1.8,257.4,511,terrestrial
211430830,2021-01-18T16:10:00Z,48.118431666666666,16.701878333333333,2.6,246.5,511,terrestrial
211430830,2021-01-18T16:11:04Z,48.11816666666667,16.700711666666667,2.8,253.2,511,terrestrial
211430830,2021-01-18T16:11:12Z,48.11816666666667,16.700711666666667,2.8,253.2,511,terrestrial
211430830,2021-01-18T16:15:06Z,48.11766,16.695675,3.4,266.6,511,terrestrial
211430830,2021-01-18T16:16:32Z,48.11771666666667,16.69355,3.6,269,511,terrestrial
211430830,2021-01-18T16:20:00Z,48.11777333333333,16.688515,3.7,281.2,511,terrestrial
211430830,2021-01-18T16:20:04Z,48.11779333333333,16.688366666666667,3.7,280.7,511,terrestrial
211430830,2021-01-18T16:25:00Z,48.11925,16.681193333333333,3.7,288.2,511,terrestrial
211430830,2021-01-18T16:25:02Z,48.11927166666667,16.681095,3.7,287.1,511,terrestrial
211430830,2021-01-18T16:29:15Z,48.11927166666667,16.681095,3.7,287.1,511,terrestrial
211430830,2021-01-18T16:30:00Z,48.1209,16.675141666666665,2.8,296.3,511,terrestrial
211430830,2021-01-18T16:30:02Z,48.12092166666667,16.675073333333334,2.7,295.1,511,terrestrial
211430830,2021-01-18T16:35:00Z,48.122645,16.670393333333333,3,300.9,511,terrestrial
211430830,2021-01-18T16:35:02Z,48.122675,16.670323333333332,3,301.6,511,terrestrial
211430830,2021-01-18T16:35:16Z,48.122675,16.670323333333332,3,301.6,511,terrestrial
211430830,2021-01-18T16:40:00Z,48.12463,16.664866666666665,2.8,292.7,511,terrestrial
211430830,2021-01-18T16:40:02Z,48.124651666666665,16.664795,2.8,292.8,511,terrestrial
211430830,2021-01-18T16:45:00Z,48.12656666666667,16.658855,3.4,295.1,511,terrestrial
211430830,2021-01-18T16:45:02Z,48.126595,16.658768333333335,3.5,295.8,511,terrestrial
211430830,2021-01-18T16:45:04Z,48.12661,16.658726666666666,3.5,296,511,terrestrial
211430830,2021-01-18T16:50:00Z,48.128161666666664,16.652508333333333,3.2,288.7,511,terrestrial
211430830,2021-01-18T16:50:02Z,48.12818166666667,16.652425,3.2,289.3,511,terrestrial
211430830,2021-01-18T16:55:02Z,48.128901666666664,16.6467,2.9,284.3,511,terrestrial
211430830,2021-01-18T16:55:03Z,48.128901666666664,16.6467,2.9,284.3,511,terrestrial
211430830,2021-01-18T16:59:22Z,48.128901666666664,16.6467,2.9,284.3,511,terrestrial
211430830,2021-01-18T17:00:00Z,48.128895,16.639371666666666,3.9,269.2,511,terrestrial
211430830,2021-01-18T17:00:04Z,48.12889666666667,16.639208333333332,3.9,269.9,511,terrestrial
211430830,2021-01-18T17:05:00Z,48.12880333333333,16.632628333333333,2.3,278.6,511,terrestrial
211430830,2021-01-18T17:06:32Z,48.12907,16.630983333333333,2.9,285.8,511,terrestrial
211430830,2021-01-18T17:10:00Z,48.13019833333333,16.626383333333333,3.9,288.9,511,terrestrial
211430830,2021-01-18T17:11:23Z,48.13019833333333,16.626383333333333,3.9,288.9,511,terrestrial
211430830,2021-01-18T17:14:18Z,48.131618333333336,16.61919,4.2,284.9,511,terrestrial
211430830,2021-01-18T17:15:02Z,48.131815,16.618003333333334,4.2,282.5,511,terrestrial
211430830,2021-01-18T17:16:56Z,48.13241166666667,16.614921666666667,3.8,286,511,terrestrial
211430830,2021-01-18T17:17:22Z,48.13241166666667,16.614921666666667,3.8,286,511,terrestrial
211430830,2021-01-18T17:20:02Z,48.13270333333333,16.61045,3.1,269.7,511,terrestrial
211430830,2021-01-18T17:20:03Z,48.13270333333333,16.61045,3.1,269.7,511,terrestrial
211430830,2021-01-18T17:23:24Z,48.13270333333333,16.61045,3.1,269.7,511,terrestrial
211430830,2021-01-18T17:25:00Z,48.132333333333335,16.605463333333333,2.7,262.9,511,terrestrial
211430830,2021-01-18T17:25:02Z,48.132331666666666,16.605426666666666,2.7,263.2,511,terrestrial
211430830,2021-01-18T17:27:02Z,48.13211666666667,16.602756666666668,3.6,255.9,511,terrestrial
211430830,2021-01-18T17:30:00Z,48.13178,16.598476666666667,3.4,265.9,511,terrestrial
211430830,2021-01-18T17:30:02Z,48.13177666666667,16.598385,3.4,265.6,511,terrestrial
211430830,2021-01-18T17:35:03Z,48.13194166666667,16.592311666666667,2.7,277.4,511,terrestrial
211430830,2021-01-18T17:35:06Z,48.13195,16.59223666666667,2.7,275.5,511,terrestrial
211430830,2021-01-18T17:35:26Z,48.13195,16.59223666666667,2.7,275.5,511,terrestrial
211430830,2021-01-18T17:40:00Z,48.132815,16.587491666666665,2.7,281.6,511,terrestrial
211430830,2021-01-18T17:40:56Z,48.13300666666667,16.586373333333334,3,279.7,511,terrestrial
211430830,2021-01-18T17:41:28Z,48.13300666666667,16.586373333333334,3,279.7,511,terrestrial
211430830,2021-01-18T17:45:00Z,48.13388,16.58147,3.1,291.1,511,terrestrial
211430830,2021-01-18T17:45:34Z,48.134103333333336,16.58072,3.3,293.2,511,terrestrial
211430830,2021-01-18T17:47:27Z,48.134103333333336,16.58072,3.3,293.2,511,terrestrial
211430830,2021-01-18T17:50:00Z,48.135983333333336,16.574366666666666,3.9,292.1,511,terrestrial
211430830,2021-01-18T17:50:40Z,48.136266666666664,16.573295,3.8,291.4,511,terrestrial
211430830,2021-01-18T17:53:28Z,48.136266666666664,16.573295,3.8,291.4,511,terrestrial
211430830,2021-01-18T17:53:34Z,48.136266666666664,16.573295,3.8,291.4,511,terrestrial
211430830,2021-01-18T17:55:00Z,48.138095,16.567361666666667,3.5,290.8,511,terrestrial
211430830,2021-01-18T17:55:24Z,48.138255,16.566778333333332,3.5,290.7,511,terrestrial
211430830,2021-01-18T17:59:30Z,48.138255,16.566778333333332,3.5,290.7,511,terrestrial
211430830,2021-01-18T18:00:03Z,48.13955,16.560505,3.2,280.2,511,terrestrial
211430830,2021-01-18T18:00:12Z,48.139581666666665,16.560285,3.2,281.7,511,terrestrial
211430830,2021-01-18T18:05:00Z,48.14033833333333,16.553083333333333,4,275.5,511,terrestrial
211430830,2021-01-18T18:05:02Z,48.140346666666666,16.552971666666668,4,276.5,511,terrestrial
211430830,2021-01-18T18:10:02Z,48.14201333333333,16.545098333333332,3.4,293.4,511,terrestrial
211430830,2021-01-18T18:10:03Z,48.14201333333333,16.545098333333332,3.4,293.4,511,terrestrial
211430830,2021-01-18T18:11:30Z,48.14201333333333,16.545098333333332,3.4,293.4,511,terrestrial
211430830,2021-01-18T18:15:00Z,48.144395,16.539911666666665,3,314.9,511,terrestrial
211430830,2021-01-18T18:15:06Z,48.14447666666667,16.53979,3,314.1,511,terrestrial
211430830,2021-01-18T18:17:31Z,48.14447666666667,16.53979,3,314.1,511,terrestrial
211430830,2021-01-18T18:20:00Z,48.147711666666666,16.536108333333335,3,326.3,511,terrestrial
211430830,2021-01-18T18:20:02Z,48.14776,16.536063333333335,3,325.9,511,terrestrial
211430830,2021-01-18T18:23:33Z,48.14776,16.536063333333335,3,325.9,511,terrestrial
211430830,2021-01-18T18:23:40Z,48.14776,16.536063333333335,3,325.9,511,terrestrial
211430830,2021-01-18T18:25:00Z,48.150935,16.531806666666668,2.9,315.1,511,terrestrial
211430830,2021-01-18T18:25:02Z,48.150975,16.53175,2.9,315.7,511,terrestrial
211430830,2021-01-18T18:29:32Z,48.150975,16.53175,2.9,315.7,511,terrestrial
211430830,2021-01-18T18:30:02Z,48.15416333333334,16.527398333333334,3.4,304.4,511,terrestrial
211430830,2021-01-18T18:30:03Z,48.154181666666666,16.52736,3.4,304.3,511,terrestrial
211430830,2021-01-18T18:30:04Z,48.1542,16.527321666666666,3.4,304,511,terrestrial
211430830,2021-01-18T18:35:00Z,48.15634,16.520298333333333,3.9,290.7,511,terrestrial
211430830,2021-01-18T18:35:04Z,48.15638333333333,16.520148333333335,3.9,292.1,511,terrestrial
211430830,2021-01-18T18:35:35Z,48.15638333333333,16.520148333333335,3.9,292.1,511,terrestrial
211430830,2021-01-18T18:40:02Z,48.15894333333333,16.512828333333335,3.8,298.6,511,terrestrial
211430830,2021-01-18T18:41:35Z,48.15894333333333,16.512828333333335,3.8,298.6,511,terrestrial
211430830,2021-01-18T18:41:48Z,48.15894333333333,16.512828333333335,3.8,298.6,511,terrestrial
211430830,2021-01-18T18:45:00Z,48.16121166666667,16.506616666666666,3.2,304.9,511,terrestrial
211430830,2021-01-18T18:45:02Z,48.16124833333333,16.506541666666667,3.2,304.9,511,terrestrial
211430830,2021-01-18T18:47:37Z,48.16124833333333,16.506541666666667,3.2,304.9,511,terrestrial
211430830,2021-01-18T18:50:00Z,48.16372,16.501248333333333,3.1,312.1,511,terrestrial
211430830,2021-01-18T18:50:02Z,48.16376,16.501183333333334,3.1,312,511,terrestrial
211430830,2021-01-18T18:53:36Z,48.16376,16.501183333333334,3.1,312,511,terrestrial
211430830,2021-01-18T18:55:02Z,48.16638666666667,16.495705,3.7,311.8,511,terrestrial
211430830,2021-01-18T18:59:36Z,48.16638666666667,16.495705,3.7,311.8,511,terrestrial
211430830,2021-01-18T18:59:44Z,48.16638666666667,16.495705,3.7,311.8,511,terrestrial
211430830,2021-01-18T19:00:02Z,48.16988,16.489688333333334,4.1,303.2,511,terrestrial
211430830,2021-01-18T19:05:02Z,48.172065,16.484501666666667,2.4,317,511,terrestrial
211430830,2021-01-18T19:05:36Z,48.172065,16.484501666666667,2.4,317,511,terrestrial
211430830,2021-01-18T19:10:02Z,48.17442833333333,16.481456666666666,1.9,306.3,511,terrestrial
211430830,2021-01-18T19:15:00Z,48.17559833333333,16.47968,1,315.5,511,terrestrial
211430830,2021-01-18T19:17:39Z,48.17559833333333,16.47968,1,315.5,511,terrestrial
211430830,2021-01-18T19:17:47Z,48.17559833333333,16.47968,1,315.5,511,terrestrial
211430830,2021-01-18T19:17:49Z,48.17559833333333,16.47968,1,315.5,511,terrestrial
211430830,2021-01-18T19:20:02Z,48.176091666666665,16.478986666666668,0.1,88.6,511,terrestrial
211430830,2021-01-18T19:25:02Z,48.176175,16.478873333333333,0.1,139.7,511,terrestrial
211430830,2021-01-18T19:29:41Z,48.176175,16.478873333333333,0.1,139.7,511,terrestrial
211430830,2021-01-18T19:30:02Z,48.17619666666667,16.47888,0.1,185.6,511,terrestrial
211430830,2021-01-18T19:35:00Z,48.176188333333336,16.478873333333333,0.1,181.6,511,terrestrial
211430830,2021-01-18T19:35:41Z,48.176188333333336,16.478873333333333,0.1,181.6,511,terrestrial
211430830,2021-01-18T19:40:04Z,48.176185,16.478878333333334,0.1,241.9,511,terrestrial
211430830,2021-01-18T19:41:42Z,48.176185,16.478878333333334,0.1,241.9,511,terrestrial
211430830,2021-01-18T19:45:02Z,48.17675333333333,16.477933333333333,2.6,313,511,terrestrial
211430830,2021-01-18T19:47:44Z,48.17675333333333,16.477933333333333,2.6,313,511,terrestrial
211430830,2021-01-18T19:50:02Z,48.18082666666667,16.47205,5.3,317,511,terrestrial
211430830,2021-01-18T19:53:42Z,48.18082666666667,16.47205,5.3,317,511,terrestrial
211430830,2021-01-18T19:55:00Z,48.186575,16.464228333333335,5.7,318.5,511,terrestrial
211430830,2021-01-18T19:59:44Z,48.186575,16.464228333333335,5.7,318.5,511,terrestrial
211430830,2021-01-18T19:59:52Z,48.186575,16.464228333333335,5.7,318.5,511,terrestrial
211430830,2021-01-18T19:59:53Z,48.186575,16.464228333333335,5.7,318.5,511,terrestrial
211430830,2021-01-18T20:00:02Z,48.192348333333335,16.456046666666666,5.6,315.8,511,terrestrial
211430830,2021-01-18T20:05:02Z,48.19793833333333,16.447806666666665,5.6,315.7,511,terrestrial
211430830,2021-01-18T20:05:46Z,48.19793833333333,16.447806666666665,5.6,315.7,511,terrestrial
211430830,2021-01-18T20:10:04Z,48.20330166666667,16.43931,5.6,310.7,511,terrestrial
211430830,2021-01-18T20:11:45Z,48.20330166666667,16.43931,5.6,310.7,511,terrestrial
211430830,2021-01-18T20:15:02Z,48.20890833333333,16.4314,5.5,318.3,511,terrestrial
211430830,2021-01-18T20:17:47Z,48.20890833333333,16.4314,5.5,318.3,511,terrestrial
211430830,2021-01-18T20:18:01Z,48.20890833333333,16.4314,5.5,318.3,511,terrestrial
211430830,2021-01-18T20:18:05Z,48.20890833333333,16.4314,5.5,318.3,511,terrestrial
211430830,2021-01-18T20:20:02Z,48.21465166666667,16.423585,5.6,316.8,511,terrestrial
211430830,2021-01-18T20:25:02Z,48.22032166666666,16.415665,5.6,315.8,511,terrestrial
211430830,2021-01-18T20:29:49Z,48.22032166666666,16.415665,5.6,315.8,511,terrestrial
211430830,2021-01-18T20:29:54Z,48.22032166666666,16.415665,5.6,315.8,511,terrestrial
211430830,2021-01-18T20:30:00Z,48.22590666666667,16.40786,5.5,317.3,511,terrestrial
211430830,2021-01-18T20:35:00Z,48.23188833333333,16.40078,5.4,322.3,511,terrestrial
211430830,2021-01-18T20:35:02Z,48.231926666666666,16.400735,5.4,322.1,511,terrestrial
211430830,2021-01-18T20:35:53Z,48.231926666666666,16.400735,5.4,322.1,511,terrestrial
211430830,2021-01-18T20:40:00Z,48.23721333333334,16.394525,4.3,321.2,511,terrestrial
211430830,2021-01-18T20:41:49Z,48.23721333333334,16.394525,4.3,321.2,511,terrestrial
211430830,2021-01-18T20:45:02Z,48.24167166666667,16.389586666666666,2.8,323.5,511,terrestrial
211430830,2021-01-18T20:45:04Z,48.24169333333333,16.389563333333335,2.8,323.4,511,terrestrial
211430830,2021-01-18T20:47:51Z,48.24169333333333,16.389563333333335,2.8,323.4,511,terrestrial
211430830,2021-01-18T20:50:00Z,48.243703333333336,16.386708333333335,1.9,272,511,terrestrial
211430830,2021-01-18T20:53:52Z,48.243703333333336,16.386708333333335,1.9,272,511,terrestrial
211430830,2021-01-18T20:55:00Z,48.24368,16.385816666666667,0.1,216.7,511,terrestrial
211430830,2021-01-18T20:59:51Z,48.24368,16.385816666666667,0.1,216.7,511,terrestrial
211430830,2021-01-18T20:59:59Z,48.24368,16.385816666666667,0.1,216.7,511,terrestrial
211430830,2021-01-18T21:00:04Z,48.243658333333336,16.385706666666668,0.1,191.9,511,terrestrial
211430830,2021-01-18T21:05:03Z,48.24366166666667,16.385718333333333,0.1,181.9,511,terrestrial
211430830,2021-01-18T21:05:53Z,48.24366166666667,16.385718333333333,0.1,181.9,511,terrestrial
211430830,2021-01-18T21:10:15Z,48.243671666666664,16.38571333333333,0,145.9,511,terrestrial
211430830,2021-01-18T21:11:52Z,48.243671666666664,16.38571333333333,0,145.9,511,terrestrial
211430830,2021-01-18T21:15:03Z,48.24364333333333,16.385671666666667,0,178.3,511,terrestrial
211430830,2021-01-18T21:17:54Z,48.24364333333333,16.385671666666667,0,178.3,511,terrestrial
211430830,2021-01-18T21:17:58Z,48.24364333333333,16.385671666666667,0,178.3,511,terrestrial
211430830,2021-01-18T21:18:01Z,48.24364333333333,16.385671666666667,0,178.3,511,terrestrial
211430830,2021-01-18T21:20:03Z,48.243923333333335,16.3858,1,32,511,terrestrial
211430830,2021-01-18T21:23:56Z,48.243923333333335,16.3858,1,32,511,terrestrial
211430830,2021-01-18T21:25:00Z,48.24780166666667,16.383678333333332,5,325,511,terrestrial
211430830,2021-01-18T21:25:04Z,48.24788,16.38359833333333,5,325.1,511,terrestrial
211430830,2021-01-18T21:30:00Z,48.25410333333333,16.37735,5.6,326.1,511,terrestrial
211430830,2021-01-18T21:35:08Z,48.26121666666667,16.371625,5.6,331.1,511,terrestrial
211430830,2021-01-18T21:35:56Z,48.26121666666667,16.371625,5.6,331.1,511,terrestrial
211430830,2021-01-18T21:40:00Z,48.26776666666667,16.366223333333334,5.5,330.9,511,terrestrial
211430830,2021-01-18T21:41:59Z,48.26776666666667,16.366223333333334,5.5,330.9,511,terrestrial
211430830,2021-01-18T21:45:00Z,48.27437833333333,16.360856666666667,5.3,329.7,511,terrestrial
211430830,2021-01-18T21:45:02Z,48.27442166666667,16.360818333333334,5.3,329.7,511,terrestrial
211430830,2021-01-18T21:47:58Z,48.27442166666667,16.360818333333334,5.3,329.7,511,terrestrial
211430830,2021-01-18T21:50:02Z,48.28084666666667,16.35523,5.3,326.2,511,terrestrial
211430830,2021-01-18T21:53:58Z,48.28084666666667,16.35523,5.3,326.2,511,terrestrial
211430830,2021-01-18T21:54:06Z,48.28084666666667,16.35523,5.3,326.2,511,terrestrial
211430830,2021-01-18T21:55:00Z,48.28716333333333,16.350133333333332,5.1,329.9,511,terrestrial
211430830,2021-01-18T21:56:08Z,48.28716333333333,16.350133333333332,5.1,329.9,511,terrestrial
211430830,2021-01-18T22:00:00Z,48.293565,16.345546666666667,5,334.9,511,terrestrial
211430830,2021-01-18T22:05:00Z,48.300425,16.344238333333333,5,353,511,terrestrial
211430830,2021-01-18T22:06:00Z,48.300425,16.344238333333333,5,353,511,terrestrial
211430830,2021-01-18T22:10:02Z,48.30718,16.343545,4.5,347.4,511,terrestrial
211430830,2021-01-18T22:15:10Z,48.31346,16.34188333333333,4.3,345.9,511,terrestrial
211430830,2021-01-18T22:18:03Z,48.31346,16.34188333333333,4.3,345.9,511,terrestrial
211430830,2021-01-18T22:20:02Z,48.318848333333335,16.338471666666667,4.6,336.2,511,terrestrial
211430830,2021-01-18T22:25:00Z,48.32474333333333,16.334635,4.5,332.8,511,terrestrial
211430830,2021-01-18T22:30:00Z,48.330058333333334,16.330733333333335,4,330.4,511,terrestrial
211430830,2021-01-18T22:35:00Z,48.33481666666667,16.325921666666666,4.1,308.7,511,terrestrial
211430830,2021-01-18T22:36:03Z,48.33481666666667,16.325921666666666,4.1,308.7,511,terrestrial
211430830,2021-01-18T22:40:01Z,48.338,16.319446666666668,4.4,305.5,511,terrestrial
211430830,2021-01-18T22:45:04Z,48.341535,16.311353333333333,4.7,302.7,511,terrestrial
211430830,2021-01-18T22:48:12Z,48.341535,16.311353333333333,4.7,302.7,511,terrestrial
211430830,2021-01-18T22:48:13Z,48.341535,16.311353333333333,4.7,302.7,511,terrestrial
211430830,2021-01-18T22:50:24Z,48.345506666666665,16.301626666666667,5.1,299.6,511,terrestrial
211430830,2021-01-18T22:54:07Z,48.345506666666665,16.301626666666667,5.1,299.6,511,terrestrial
211430830,2021-01-18T22:55:24Z,48.34904,16.292933333333334,4.8,305.2,511,satellite
211430830,2021-01-18T22:56:15Z,48.349718333333335,16.29157,4.7,305.5,511,terrestrial
211430830,2021-01-18T23:00:04Z,48.352015,16.285146666666666,4.6,289.4,511,terrestrial
211430830,2021-01-18T23:05:42Z,48.353361666666665,16.27424,5,276,511,terrestrial
211430830,2021-01-19T18:06:26Z,48.16940666666667,14.693058333333333,0.1,168.4,511,terrestrial
211430830,2021-01-19T18:30:24Z,48.16565,14.665866666666666,6,285.6,511,terrestrial
211430830,2021-01-19T18:37:08Z,48.171353333333336,14.650596666666667,6.3,296.6,511,terrestrial
211430830,2021-01-19T19:44:04Z,48.23818166666667,14.521901666666666,5.9,254.1,511,terrestrial
211430830,2021-01-19T20:00:10Z,48.243158333333334,14.490018333333333,5.1,240.9,511,terrestrial
211430830,2021-01-19T20:05:06Z,48.239441666666664,14.481223333333332,4.8,243.2,511,terrestrial
211430830,2021-01-19T20:12:50Z,48.236105,14.465796666666666,5.2,253.6,511,terrestrial
211430830,2021-01-19T20:15:02Z,48.235168333333334,14.461468333333332,4.6,260.4,511,terrestrial
211430830,2021-01-19T20:20:22Z,48.236995,14.452025,4.8,311.6,511,terrestrial
211430830,2021-01-19T20:25:00Z,48.242151666666665,14.44639,4.8,316.6,511,terrestrial
211430830,2021-01-19T20:27:04Z,48.242151666666665,14.44639,4.8,316.6,511,terrestrial
211430830,2021-01-19T20:30:02Z,48.246993333333336,14.439368333333332,4.4,314.1,511,terrestrial
211430830,2021-01-19T20:35:30Z,48.24914666666667,14.434428333333333,1.5,298.3,511,terrestrial
211430830,2021-01-19T20:40:06Z,48.249875,14.432583333333334,1,296.8,511,terrestrial
211430830,2021-01-19T20:45:02Z,48.25020833333333,14.431796666666667,0.1,190,511,terrestrial
211430830,2021-01-19T20:45:07Z,48.25020833333333,14.431796666666667,0.1,190,511,terrestrial
211430830,2021-01-19T20:50:02Z,48.25025333333333,14.431683333333334,0,338.2,511,terrestrial
211430830,2021-01-19T20:51:09Z,48.25025333333333,14.431683333333334,0,338.2,511,terrestrial
211430830,2021-01-19T20:55:02Z,48.25026166666667,14.431685,0.1,198,511,terrestrial
211430830,2021-01-19T21:00:02Z,48.25027166666667,14.431701666666667,0.1,159.3,511,terrestrial
211430830,2021-01-19T21:03:12Z,48.25027166666667,14.431701666666667,0.1,159.3,511,terrestrial
211430830,2021-01-19T21:05:00Z,48.251603333333335,14.42857,4.3,305.1,511,terrestrial
211430830,2021-01-19T21:05:02Z,48.25162666666667,14.428521666666667,4.3,305.5,511,terrestrial
211430830,2021-01-19T21:10:00Z,48.25495333333333,14.417398333333333,6.5,287.5,511,terrestrial
211430830,2021-01-19T21:15:02Z,48.25735666666667,14.404188333333334,6.6,285.7,511,terrestrial
211430830,2021-01-19T21:15:12Z,48.25735666666667,14.404188333333334,6.6,285.7,511,terrestrial
211430830,2021-01-19T21:15:16Z,48.25735666666667,14.404188333333334,6.6,285.7,511,terrestrial
211430830,2021-01-19T21:20:00Z,48.26197833333333,14.393011666666666,6.4,313.8,511,terrestrial
211430830,2021-01-19T21:21:13Z,48.26197833333333,14.393011666666666,6.4,313.8,511,terrestrial
211430830,2021-01-19T21:25:00Z,48.26758,14.382646666666666,6.3,300,511,terrestrial
211430830,2021-01-19T21:27:15Z,48.26758,14.382646666666666,6.3,300,511,terrestrial
211430830,2021-01-19T21:30:02Z,48.27059666666667,14.370271666666667,6.4,285.2,511,terrestrial
211430830,2021-01-19T21:35:00Z,48.27405,14.358315,5.8,300.4,511,terrestrial
211430830,2021-01-19T21:39:15Z,48.27405,14.358315,5.8,300.4,511,terrestrial
211430830,2021-01-19T21:39:18Z,48.27405,14.358315,5.8,300.4,511,terrestrial
211430830,2021-01-19T21:39:20Z,48.27405,14.358315,5.8,300.4,511,terrestrial
211430830,2021-01-19T21:40:00Z,48.276955,14.351728333333334,2.3,297.6,511,terrestrial
211430830,2021-01-19T21:45:00Z,48.27751833333333,14.350081666666666,0.1,199.5,511,terrestrial
211430830,2021-01-19T21:45:17Z,48.27751833333333,14.350081666666666,0.1,199.5,511,terrestrial
211430830,2021-01-19T21:45:19Z,48.27751833333333,14.350081666666666,0.1,199.5,511,terrestrial
211430830,2021-01-19T21:50:00Z,48.27755166666667,14.349981666666666,1.2,36,511,terrestrial
211430830,2021-01-19T21:51:17Z,48.27755166666667,14.349981666666666,1.2,36,511,terrestrial
211430830,2021-01-19T21:55:00Z,48.278075,14.349431666666666,0.1,185.6,511,terrestrial
211430830,2021-01-19T21:57:20Z,48.278075,14.349431666666666,0.1,185.6,511,terrestrial
211430830,2021-01-19T22:00:00Z,48.27811333333333,14.349375,0.1,179,511,terrestrial
211430830,2021-01-19T22:03:17Z,48.27811333333333,14.349375,0.1,179,511,terrestrial
211430830,2021-01-19T22:05:24Z,48.278115,14.349376666666666,0.1,181.5,511,terrestrial
211430830,2021-01-19T22:09:19Z,48.278115,14.349376666666666,0.1,181.5,511,terrestrial
211430830,2021-01-19T22:11:26Z,48.278115,14.34937,0.1,179.8,511,terrestrial
211430830,2021-01-19T22:15:19Z,48.278115,14.34937,0.1,179.8,511,terrestrial
211430830,2021-01-19T22:17:26Z,48.27811666666667,14.349371666666666,0.1,175.8,511,terrestrial
211430830,2021-01-19T22:20:24Z,48.278115,14.349376666666666,0.1,178.8,511,terrestrial
211430830,2021-01-19T22:21:21Z,48.278115,14.349376666666666,0.1,178.8,511,terrestrial
211430830,2021-01-19T22:26:25Z,48.27812,14.34938,0.1,184.1,511,terrestrial
211430830,2021-01-19T22:27:21Z,48.27812,14.34938,0.1,184.1,511,terrestrial
211430830,2021-01-19T22:32:26Z,48.278105,14.349376666666666,0.1,180,511,terrestrial
211430830,2021-01-19T22:33:23Z,48.278105,14.349376666666666,0.1,180,511,terrestrial
211430830,2021-01-19T22:35:24Z,48.278108333333336,14.34938,0.1,185.4,511,terrestrial
211430830,2021-01-19T22:41:25Z,48.278125,14.349375,0.1,190.2,511,terrestrial
211430830,2021-01-19T22:45:24Z,48.278125,14.349375,0.1,190.2,511,terrestrial
211430830,2021-01-19T22:47:25Z,48.278108333333336,14.34938,0.1,183.5,511,terrestrial
211430830,2021-01-19T22:51:24Z,48.278108333333336,14.34938,0.1,183.5,511,terrestrial
211430830,2021-01-19T22:53:25Z,48.27809666666667,14.349373333333334,0,188.2,511,terrestrial
211430830,2021-01-19T22:56:25Z,48.278106666666666,14.349375,0,189.3,511,terrestrial
211430830,2021-01-19T22:57:26Z,48.278106666666666,14.349375,0,189.3,511,terrestrial
211430830,2021-01-19T23:02:26Z,48.278115,14.349378333333334,0,193.3,511,terrestrial
211430830,2021-01-19T23:03:27Z,48.278115,14.349378333333334,0,193.3,511,terrestrial
211430830,2021-01-19T23:05:25Z,48.278108333333336,14.349375,0,186.5,511,terrestrial
211430830,2021-01-19T23:09:27Z,48.278108333333336,14.349375,0,186.5,511,terrestrial
211430830,2021-01-19T23:11:25Z,48.278103333333334,14.349378333333334,0,190.6,511,terrestrial
211430830,2021-01-19T23:15:28Z,48.278103333333334,14.349378333333334,0,190.6,511,terrestrial
211430830,2021-01-19T23:17:24Z,48.27811333333333,14.349373333333334,0,185.9,511,terrestrial
211430830,2021-01-19T23:21:30Z,48.27811333333333,14.349373333333334,0,185.9,511,terrestrial
211430830,2021-01-19T23:23:24Z,48.278101666666664,14.349376666666666,0.1,181,511,terrestrial
211430830,2021-01-19T23:27:31Z,48.278101666666664,14.349376666666666,0.1,181,511,terrestrial
211430830,2021-01-19T23:29:25Z,48.27809666666667,14.349373333333334,0.1,176,511,terrestrial
211430830,2021-01-19T23:33:31Z,48.27809666666667,14.349373333333334,0.1,176,511,terrestrial
211430830,2021-01-19T23:35:24Z,48.278105,14.349383333333334,0.1,188.8,511,terrestrial
211430830,2021-01-19T23:41:26Z,48.278095,14.349385,0.1,204.6,511,terrestrial
211430830,2021-01-19T23:45:34Z,48.278095,14.349385,0.1,204.6,511,terrestrial
211430830,2021-01-19T23:50:26Z,48.278103333333334,14.349388333333334,0.1,181.5,511,terrestrial
211430830,2021-01-19T23:51:35Z,48.278103333333334,14.349388333333334,0.1,181.5,511,terrestrial
211430830,2021-01-19T23:56:25Z,48.278095,14.349383333333334,0.1,180.1,511,terrestrial
211430830,2021-01-19T23:57:35Z,48.278095,14.349383333333334,0.1,180.1,511,terrestrial
