river_name,h3_index
Danube,871f8c16bffffff
Danube,871e3211effffff
Danube,871e36499ffffff
Danube,871f81254ffffff
Danube,871fab69cffffff
Danube,871e32895ffffff
Danube,871f81705ffffff
Danube,871f8d999ffffff
Danube,871f8ca76ffffff
Danube,871f8156dffffff
Danube,871f8ca10ffffff
Danube,871f8c145ffffff
Danube,871f8ccd6ffffff
Danube,871fab6dcffffff
Danube,871f81250ffffff
Danube,871f81745ffffff
Danube,871e32070ffffff
Danube,871e328b3ffffff
Danube,871f81723ffffff
Danube,871e3204effffff
Danube,871e32891ffffff
Danube,871f8120cffffff
Danube,871f8d854ffffff
Danube,871f8d810ffffff
Danube,871f8cab6ffffff
Danube,871f81776ffffff
Danube,871f81569ffffff
Danube,871f8ca0cffffff
Danube,871f8c185ffffff
Danube,871f8c141ffffff
Danube,871f8d863ffffff
Danube,871e366c0ffffff
Danube,871fab6d8ffffff
Danube,871f81741ffffff
Danube,871f8c526ffffff
Danube,871f81208ffffff
Danube,871e32028ffffff
Danube,871e32d60ffffff
Danube,871f8c172ffffff
Danube,871e366f1ffffff
Danube,871f8c10cffffff
Danube,871f81772ffffff
Danube,871f810b4ffffff
Danube,871f8172effffff
Danube,871f8c535ffffff
Danube,871f8170cffffff
Danube,871e32134ffffff
Danube,871f8db25ffffff
Danube,871e36612ffffff
Danube,871fab690ffffff
Danube,871e32046ffffff
Danube,871f8c522ffffff
Danube,871f8c1b2ffffff
Danube,871f81389ffffff
Danube,871f8ccddffffff
Danube,871f8c108ffffff
Danube,871f8176effffff
Danube,871f810b0ffffff
Danube,871f8172affffff
Danube,871f8c531ffffff
Danube,871f81398ffffff
Danube,871f8cccaffffff
Danube,871e32130ffffff
Danube,871e36489ffffff
Danube,871fab6d0ffffff
Danube,871f81200ffffff
Danube,871e32020ffffff
Danube,871f8c1aeffffff
Danube,871f8c16affffff
Danube,871e366a5ffffff
Danube,871e36498ffffff
Danube,871e32073ffffff
Danube,871e32894ffffff
Danube,871f81704ffffff
Danube,871e36780ffffff
Danube,871f8d813ffffff
Danube,871e364ebffffff
Danube,871f812a6ffffff
Danube,871f8d998ffffff
Danube,871f8ca75ffffff
Danube,871f81099ffffff
Danube,871f81735ffffff
Danube,871e367b1ffffff
Danube,871f8156cffffff
Danube,871f8c1aaffffff
Danube,871f81196ffffff
Danube,871f8ccd5ffffff
Danube,871f8d844ffffff
Danube,871e366c3ffffff
Danube,871e366a1ffffff
Danube,871f8ca62ffffff
Danube,871f81744ffffff
Danube,871e328b2ffffff
Danube,871f81722ffffff
Danube,871e32890ffffff
Danube,871e3202bffffff
Danube,871e32d63ffffff
Danube,871f8ccc2ffffff
Danube,871f8cab5ffffff
Danube,871e364c5ffffff
Danube,871f8ca71ffffff
Danube,871f81095ffffff
Danube,871f81731ffffff
Danube,871f81568ffffff
Danube,871e3678bffffff
Danube,871e3641bffffff
Danube,871f8c184ffffff
Danube,871f81192ffffff
Danube,871f8c140ffffff
Danube,871f8ccd1ffffff
Danube,871e32115ffffff
Danube,871f8d81effffff
Danube,871f8caa2ffffff
Danube,871f8124bffffff
Danube,871f81740ffffff
Danube,871f81082ffffff
Danube,871fab693ffffff
Danube,871f8c525ffffff
Danube,871e366f0ffffff
Danube,871e366acffffff
Danube,871f8d80bffffff
Danube,871e364e3ffffff
Danube,871f8cab1ffffff
Danube,871f81771ffffff
Danube,871f810b3ffffff
Danube,871f81091ffffff
Danube,871f81216ffffff
Danube,871f8c180ffffff
Danube,871e366ddffffff
Danube,871e32133ffffff
Danube,871f8c11affffff
Danube,871e32111ffffff
Danube,871e364f2ffffff
Danube,871f8db24ffffff
Danube,871fab6d3ffffff
Danube,871f8ca16ffffff
Danube,871f81203ffffff
Danube,871e32023ffffff
Danube,871f8ccdcffffff
Danube,871e366a8ffffff
Danube,871e32c6dffffff
Danube,871f8176dffffff
Danube,871e32076ffffff
Danube,871f8c530ffffff
Danube,871f8ca03ffffff
Danube,871f8ccc9ffffff
Danube,871e366d9ffffff
Danube,871f8d816ffffff
Danube,871e364eeffffff
Danube,871e364ccffffff
Danube,871f8109cffffff
Danube,871fab68bffffff
Danube,871e32041ffffff
Danube,871f8c1adffffff
Danube,871e366c6ffffff
Danube,871e3211cffffff
Danube,871e366a4ffffff
Danube,871e32c69ffffff
Danube,871fab6deffffff
Danube,871f8ca65ffffff
Danube,871e32072ffffff
Danube,871e32893ffffff
Danube,871f8120effffff
Danube,871e3202effffff
Danube,871e32d66ffffff
Danube,871f8d856ffffff
Danube,871f8d812ffffff
Danube,871e364eaffffff
Danube,871f812a5ffffff
Danube,871f8ca74ffffff
Danube,871f81098ffffff
Danube,871e367b0ffffff
Danube,871f8ca0effffff
Danube,871f8c1a9ffffff
Danube,871f8ccd4ffffff
Danube,871e366c2ffffff
Danube,871e32118ffffff
Danube,871f8caa5ffffff
Danube,871e36493ffffff
Danube,871e3679dffffff
Danube,871e32d62ffffff
Danube,871e366f3ffffff
Danube,871f8c10effffff
Danube,871e364e6ffffff
Danube,871e3668dffffff
Danube,871f8d993ffffff
Danube,871f8ca70ffffff
Danube,871f8125dffffff
Danube,871f81094ffffff
Danube,871e3678affffff
Danube,871f8139effffff
Danube,871f8d861ffffff
Danube,871e32136ffffff
Danube,871f8c11dffffff
Danube,871e32114ffffff
Danube,871e364f5ffffff
Danube,871fab6d6ffffff
Danube,871f8124affffff
Danube,871fab692ffffff
Danube,871e32048ffffff
Danube,871f81206ffffff
Danube,871e32026ffffff
Danube,871f8138bffffff
Danube,871f8dd65ffffff
Danube,871e366abffffff
Danube,871f8d80affffff
Danube,871e364e2ffffff
Danube,871f8cab0ffffff
Danube,871e3649effffff
Danube,871f81770ffffff
Danube,871f81259ffffff
Danube,871e323a5ffffff
Danube,871f8c533ffffff
Danube,871e3289affffff
Danube,871f81215ffffff
Danube,871e36786ffffff
Danube,871e32d6dffffff
Danube,871f8139affffff
Danube,871f8d8e5ffffff
Danube,871f8cb8bffffff
Danube,871e32132ffffff
Danube,871f8d819ffffff
Danube,871f8d99effffff
Danube,871e3648bffffff
Danube,871e32044ffffff
Danube,871f8c520ffffff
Danube,871f8ca15ffffff
Danube,871e32022ffffff
Danube,871f8d86cffffff
Danube,871e32c6cffffff
Danube,871f8d98bffffff
Danube,871f8176cffffff
Danube,871f81233ffffff
Danube,871fab69dffffff
Danube,871e36782ffffff
Danube,871f8ca02ffffff
Danube,871e32d69ffffff
Danube,871f8ccc8ffffff
Danube,871e366d8ffffff
Danube,871f8c5a4ffffff
Danube,871f8109bffffff
Danube,871e36791ffffff
Danube,871fab68affffff
Danube,871e32040ffffff
Danube,871f8ca11ffffff
Danube,871f8c146ffffff
Danube,871f8d846ffffff
Danube,871e3211bffffff
Danube,871f81768ffffff
Danube,871fab6ddffffff
Danube,871f81251ffffff
Danube,871f81746ffffff
Danube,871e32071ffffff
Danube,871e328b4ffffff
Danube,871e32892ffffff
Danube,871e366f6ffffff
Danube,871f8d855ffffff
Danube,871f812a4ffffff
Danube,871fab6caffffff
Danube,871f8ca0dffffff
Danube,871f8c1a8ffffff
Danube,871f8c186ffffff
Danube,871e364d6ffffff
Danube,871fab6d9ffffff
Danube,871f8ca60ffffff
Danube,871e328b0ffffff
Danube,871e3679cffffff
Danube,871e3204bffffff
Danube,871f81209ffffff
Danube,871e32d61ffffff
Danube,871f8c173ffffff
Danube,871f8d873ffffff
Danube,871e366f2ffffff
Danube,871f8c10dffffff
Danube,871e366aeffffff
Danube,871e3668cffffff
Danube,871f8d992ffffff
Danube,871f81773ffffff
Danube,871f8125cffffff
Danube,871f8170dffffff
Danube,871f8c514ffffff
Danube,871f8139dffffff
Danube,871f8d8a4ffffff
Danube,871e3299affffff
Danube,871e364f4ffffff
Danube,871f8caa0ffffff
Danube,871f8db26ffffff
Danube,871f81249ffffff
Danube,871fab691ffffff
Danube,871f8c1b3ffffff
Danube,871f8138affffff
Danube,871f8dd64ffffff
Danube,871e366aaffffff
Danube,871f81258ffffff
Danube,871f8172bffffff
Danube,871f8c532ffffff
Danube,871f81214ffffff
Danube,871e32d6cffffff
Danube,871f81399ffffff
Danube,871f8d8e4ffffff
Danube,871f8cccbffffff
Danube,871e366dbffffff
Danube,871f8c118ffffff
Danube,871f8d818ffffff
Danube,871e364f0ffffff
Danube,871fab6d1ffffff
Danube,871e367b6ffffff
Danube,871f8ca14ffffff
Danube,871f81201ffffff
Danube,871e32021ffffff
Elbe,871f1c110ffffff
Elbe,871f1bc15ffffff
Elbe,871f15262ffffff
Elbe,871f1b469ffffff
Elbe,871f187b6ffffff
Elbe,871f18505ffffff
Elbe,871f02799ffffff
Elbe,871f1b449ffffff
Elbe,871f1ead2ffffff
Elbe,871f024e8ffffff
Elbe,871f15a9cffffff
Elbe,871f1b60cffffff
Elbe,871f1bc1cffffff
Elbe,871f1eb60ffffff
Elbe,871f1845effffff
Elbe,871f1bd31ffffff
Elbe,871f1cc69ffffff
Elbe,871f1850cffffff
Elbe,871f15249ffffff
Elbe,871f1bd11ffffff
Elbe,871f026d2ffffff
Elbe,871f02421ffffff
Elbe,871f1cc49ffffff
Elbe,871f1c7b5ffffff
Elbe,871f15229ffffff
Elbe,871f1c11effffff
Elbe,871f02401ffffff
Elbe,871f1c795ffffff
Elbe,871f18533ffffff
Elbe,871f15270ffffff
Elbe,871f1bcd1ffffff
Elbe,871f1bc03ffffff
Elbe,871f1c030ffffff
Elbe,871f1c45dffffff
Elbe,871f1bd18ffffff
Elbe,871f15a8affffff
Elbe,871f02408ffffff
Elbe,871f186b6ffffff
Elbe,871f0251dffffff
Elbe,871f1cd45ffffff
Elbe,871f1c09effffff
Elbe,871f15325ffffff
Elbe,871f1cd25ffffff
Elbe,871f15305ffffff
Elbe,871f1b621ffffff
Elbe,871f1b736ffffff
Elbe,871f1eb75ffffff
Elbe,871f1e24dffffff
Elbe,871f1bdadffffff
Elbe,871f1eb0effffff
Elbe,871f026a0ffffff
Elbe,871f1c0a5ffffff
Elbe,871f1532cffffff
Elbe,871f1c46bffffff
Elbe,871f18453ffffff
Elbe,871f1bd26ffffff
Elbe,871f187b2ffffff
Elbe,871f1c085ffffff
Elbe,871f1530cffffff
Elbe,871f18501ffffff
Elbe,871f1e274ffffff
Elbe,871f024e4ffffff
Elbe,871f1bd06ffffff
Elbe,871f1b628ffffff
Elbe,871f15a98ffffff
Elbe,871f1b608ffffff
Elbe,871f1c113ffffff
Elbe,871f1bc18ffffff
Elbe,871f1b71dffffff
Elbe,871f1ea8effffff
Elbe,871f1cc65ffffff
Elbe,871f18508ffffff
Elbe,871f024ebffffff
Elbe,871f1c7b1ffffff
Elbe,871f02532ffffff
Elbe,871f15225ffffff
Elbe,871f1c11affffff
Elbe,871f1b541ffffff
Elbe,871f0268effffff
Elbe,871f1cc6cffffff
Elbe,871f1c459ffffff
Elbe,871f02424ffffff
Elbe,871f1cc4cffffff
Elbe,871f1eb8affffff
Elbe,871f1e262ffffff
Elbe,871f1522cffffff
Elbe,871f1bcf4ffffff
Elbe,871f1b548ffffff
Elbe,871f186b2ffffff
Elbe,871f02519ffffff
Elbe,871f1cd41ffffff
Elbe,871f1ea9cffffff
Elbe,871f1bcd4ffffff
Elbe,871f1bc06ffffff
Elbe,871f1b094ffffff
Elbe,871f1cd21ffffff
Elbe,871f15301ffffff
Elbe,871f0240bffffff
Elbe,871f1b732ffffff
Elbe,871f1eb71ffffff
Elbe,871f1e249ffffff
Elbe,871f1bda9ffffff
Elbe,871f1eb0affffff
Elbe,871f1bcdbffffff
Elbe,871f1c0a1ffffff
Elbe,871f1e229ffffff
Elbe,871f18699ffffff
Elbe,871f1bd22ffffff
Elbe,871f1ea83ffffff
Elbe,871f15308ffffff
Elbe,871f1e270ffffff
Elbe,871f024e0ffffff
Elbe,871f1b624ffffff
Elbe,871f1c7a6ffffff
Elbe,871f1bc34ffffff
Elbe,871f026a3ffffff
Elbe,871f1c786ffffff
Elbe,871f1b719ffffff
Elbe,871f15261ffffff
Elbe,871f1ea8affffff
Elbe,871f15376ffffff
Elbe,871f18504ffffff
Elbe,871f02798ffffff
Elbe,871f1c44effffff
Elbe,871f1b62bffffff
Elbe,871f15a9bffffff
Elbe,871f1e325ffffff
Elbe,871f15356ffffff
Elbe,871f18795ffffff
Elbe,871f1eb18ffffff
Elbe,871f1eab1ffffff
Elbe,871f1c116ffffff
Elbe,871f1bc1bffffff
Elbe,871f15268ffffff
Elbe,871f0268affffff
Elbe,871f1cc68ffffff
Elbe,871f1850bffffff
Elbe,871f024eeffffff
Elbe,871f026d1ffffff
Elbe,871f1e32cffffff
Elbe,871f1879cffffff
Elbe,871f15228ffffff
Elbe,871f1bcf0ffffff
Elbe,871f1e30cffffff
Elbe,871f1c794ffffff
Elbe,871f1b544ffffff
Elbe,871f1bc02ffffff
Elbe,871f1b090ffffff
Elbe,871f18444ffffff
Elbe,871f18559ffffff
Elbe,871f1eb8dffffff
Elbe,871f1b54bffffff
Elbe,871f1e245ffffff
Elbe,871f15276ffffff
Elbe,871f0251cffffff
Elbe,871f1cd44ffffff
Elbe,871f15324ffffff
Elbe,871f1c036ffffff
Elbe,871f1e225ffffff
Elbe,871f18695ffffff
Elbe,871f1cd24ffffff
Elbe,871f1bd1effffff
Elbe,871f0242effffff
Elbe,871f15304ffffff
Elbe,871f1c016ffffff
Elbe,871f1b620ffffff
Elbe,871f0240effffff
Elbe,871f1bc30ffffff
Elbe,871f1eb74ffffff
Elbe,871f1cd4bffffff
Elbe,871f1eaa6ffffff
Elbe,871f1bcdeffffff
Elbe,871f1b715ffffff
Elbe,871f11b6dffffff
Elbe,871f1ea86ffffff
Elbe,871f1530bffffff
Elbe,871f18500ffffff
Elbe,871f02794ffffff
Elbe,871f1c44affffff
Elbe,871f15352ffffff
Elbe,871f18791ffffff
Elbe,871f026a6ffffff
Elbe,871f1b71cffffff
Elbe,871f1cc64ffffff
Elbe,871f0279bffffff
Elbe,871f1b62effffff
Elbe,871f18798ffffff
Elbe,871f1cd59ffffff
Elbe,871f1e308ffffff
Elbe,871f1c790ffffff
Elbe,871f1b540ffffff
Elbe,871f1eb62ffffff
Elbe,871f1526bffffff
Elbe,871f18460ffffff
Elbe,871f02511ffffff
Elbe,871f1cc6bffffff
Elbe,871f1850effffff
Elbe,871f18555ffffff
Elbe,871f1522bffffff
Elbe,871f1bcf3ffffff
Elbe,871f02518ffffff
Elbe,871f1cd40ffffff
Elbe,871f1ea34ffffff
Elbe,871f1b093ffffff
Elbe,871f1c032ffffff
Elbe,871f1b70affffff
Elbe,871f1e221ffffff
Elbe,871f18691ffffff
Elbe,871f1bd1affffff
Elbe,871f026dbffffff
Elbe,871f1855cffffff
Elbe,871f1e268ffffff
Elbe,871f1c012ffffff
Elbe,871f1eb29ffffff
Elbe,871f0240affffff
Elbe,871f1b54effffff
Elbe,871f1eb70ffffff
Elbe,871f1eaa2ffffff
Elbe,871f15ad3ffffff
Elbe,871f1bcdaffffff
Elbe,871f1b711ffffff
Elbe,871f1e228ffffff
Elbe,871f18698ffffff
Elbe,871f11b69ffffff
Elbe,871f1ea82ffffff
Elbe,871f1b575ffffff
Elbe,871f1c080ffffff
Elbe,871f02790ffffff
Elbe,871f1b623ffffff
Elbe,871f1bc33ffffff
Elbe,871f1cd4effffff
Elbe,871f15adaffffff
Elbe,871f026a2ffffff
Elbe,871f1c46dffffff
Elbe,871f15260ffffff
Elbe,871f18455ffffff
Elbe,871f18503ffffff
Elbe,871f1e276ffffff
Elbe,871f1cd75ffffff
Elbe,871f1e324ffffff
Elbe,871f18794ffffff
Elbe,871f026d0ffffff
Elbe,871f1c7b3ffffff
Elbe,871f1879bffffff
Elbe,871f18551ffffff
Elbe,871f024cdffffff
Elbe,871f1e30bffffff
Elbe,871f1eb65ffffff
Elbe,871f1526effffff
Elbe,871f18463ffffff
Elbe,871f02514ffffff
Elbe,871f1ea30ffffff
Elbe,871f1c45bffffff
Elbe,871f18558ffffff
Elbe,871f1cd63ffffff
Elbe,871f1bcf6ffffff
Elbe,871f18782ffffff
Elbe,871f1e244ffffff
Elbe,871f15275ffffff
Elbe,871f186b4ffffff
Elbe,871f1cd43ffffff
Elbe,871f1c09cffffff
Elbe,871f15323ffffff
Elbe,871f1b096ffffff
Elbe,871f026deffffff
Elbe,871f1b571ffffff
Elbe,871f1e26bffffff
Elbe,871f18471ffffff
Elbe,871f1eb0cffffff
Elbe,871f1cd4affffff
Elbe,871f1c0a3ffffff
Elbe,871f1b714ffffff
Elbe,871f1e22bffffff
Elbe,871f1c469ffffff
Elbe,871f1869bffffff
Elbe,871f18451ffffff
Elbe,871f1c896ffffff
Elbe,871f187b0ffffff
Elbe,871f02793ffffff
Elbe,871f1cd71ffffff
Elbe,871f1b626ffffff
Elbe,871f1e320ffffff
Elbe,871f1c111ffffff
Elbe,871f1b71bffffff
Elbe,871f15263ffffff
Elbe,871f02685ffffff
Elbe,871f18506ffffff
Elbe,871f0279affffff
Elbe,871f15a9dffffff
Elbe,871f1eb1affffff
Elbe,871f024c9ffffff
Elbe,871f1b60dffffff
Elbe,871f1c118ffffff
Elbe,871f1eb61ffffff
Elbe,871f1526affffff
Elbe,871f02510ffffff
Elbe,871f1c091ffffff
Elbe,871f026d3ffffff
Elbe,871f1e32effffff
Elbe,871f18554ffffff
Elbe,871f184edffffff
Elbe,871f1eb88ffffff
Elbe,871f1bcf2ffffff
Elbe,871f1c796ffffff
Elbe,871f1e240ffffff
Elbe,871f186b0ffffff
Elbe,871f18466ffffff
Elbe,871f18514ffffff
Elbe,871f18690ffffff
Elbe,871f18446ffffff
Elbe,871f026daffffff
Elbe,871f15a8bffffff
Elbe,871f0251effffff
Elbe,871f15ad2ffffff
Elbe,871f15326ffffff
Elbe,871f1c892ffffff
Elbe,871f1b574ffffff
Elbe,871f1e26effffff
Elbe,871f1eb76ffffff
Elbe,871f1532dffffff
Elbe,871f1e22effffff
Elbe,871f1869effffff
Elbe,871f02681ffffff
Elbe,871f187b3ffffff
Elbe,871f1530dffffff
Elbe,871f18502ffffff
Elbe,871f1e275ffffff
Elbe,871f02796ffffff
Elbe,871f1cd74ffffff
Elbe,871f1c44cffffff
Elbe,871f024e5ffffff
Elbe,871f15a99ffffff
Elbe,871f1c114ffffff
Elbe,871f15266ffffff
Elbe,871f1b46dffffff
Elbe,871f18509ffffff
Elbe,871f1b44dffffff
Elbe,871f024ecffffff
Elbe,871f1e32affffff
Elbe,871f18550ffffff
Elbe,871f184e9ffffff
Elbe,871f1eb1dffffff
Elbe,871f1c11bffffff
Elbe,871f1c792ffffff
Elbe,871f18462ffffff
Elbe,871f02513ffffff
Elbe,871f1bd35ffffff
Elbe,871f1cc6dffffff
Elbe,871f1524dffffff
Elbe,871f1bd15ffffff
Elbe,871f02425ffffff
Elbe,871f1cc4dffffff
Elbe,871f1cd62ffffff
Elbe,871f1c189ffffff
Elbe,871f1bcf5ffffff
Elbe,871f02405ffffff
Elbe,871f15274ffffff
Elbe,871f186b3ffffff
Elbe,871f1ea9dffffff
Elbe,871f1bcd5ffffff
Elbe,871f1ea36ffffff
Elbe,871f15322ffffff
Elbe,871f1c034ffffff
Elbe,871f18693ffffff
Elbe,871f1bd1cffffff
Elbe,871f1855effffff
Elbe,871f1e26affffff
Elbe,871f1eb2bffffff
Elbe,871f1eaa4ffffff
Elbe,871f15329ffffff
Elbe,871f1e22affffff
Elbe,871f027b2ffffff
Elbe,871f1c468ffffff
Elbe,871f1869affffff
Elbe,871f1ea84ffffff
Elbe,871f1c082ffffff
Elbe,871f15309ffffff
Elbe,871f1eb99ffffff
Elbe,871f1e271ffffff
Elbe,871f02792ffffff
Elbe,871f024e1ffffff
Ems,871f12af0ffffff
Ems,871f12855ffffff
Ems,871f12aa1ffffff
Ems,871f1448affffff
Ems,871f16a94ffffff
Ems,871f1280dffffff
Ems,871f12a59ffffff
Ems,871f16b9dffffff
Ems,871f14544ffffff
Ems,871f16ab0ffffff
Ems,871f12b13ffffff
Ems,871f1291dffffff
Ems,871f12822ffffff
Ems,871f14552ffffff
Ems,871f16b14ffffff
Ems,871f1638bffffff
Ems,871f14560ffffff
Ems,871f12ae0ffffff
Ems,871f163a0ffffff
Ems,871f162a5ffffff
Ems,871f16b30ffffff
Ems,871f1284cffffff
Ems,871f163aeffffff
Ems,871f13da4ffffff
Ems,871f14488ffffff
Ems,871f12af5ffffff
Ems,871f12906ffffff
Ems,871f12aadffffff
Ems,871f16b9bffffff
Ems,871f14ccbffffff
Ems,871f12a5effffff
Ems,871f1449dffffff
Ems,871f141b3ffffff
Ems,871f12820ffffff
Ems,871f12876ffffff
Ems,871f16ab5ffffff
Ems,871f12922ffffff
Ems,871f16b12ffffff
Ems,871f1282effffff
Ems,871f1628effffff
Ems,871f14565ffffff
Ems,871f12843ffffff
Ems,871f162a3ffffff
Ems,871f163a5ffffff
Ems,871f162aaffffff
Ems,871f12aecffffff
Ems,871f16b35ffffff
Ems,871f16a90ffffff
Ems,871f1606cffffff
Ems,871f1448dffffff
Ems,871f12904ffffff
Ems,871f12aabffffff
Ems,871f16b99ffffff
Ems,871f14cc9ffffff
Ems,871f12badffffff
Ems,871f1449bffffff
Ems,871f12919ffffff
Ems,871f16baeffffff
Ems,871f144a9ffffff
Ems,871f16ab3ffffff
Ems,871f12b16ffffff
Ems,871f16285ffffff
Ems,871f16b10ffffff
Ems,871f1628cffffff
Ems,871f1638effffff
Ems,871f12935ffffff
Ems,871f1604effffff
Ems,871f12b88ffffff
Ems,871f12841ffffff
Ems,871f14571ffffff
Ems,871f162a1ffffff
Ems,871f12848ffffff
Ems,871f14c5cffffff
Ems,871f16b33ffffff
Ems,871f1442effffff
Ems,871f163aaffffff
Ems,871f1606affffff
Ems,871f12902ffffff
Ems,871f12aa9ffffff
Ems,871f12a5affffff
Ems,871f14499ffffff
Ems,871f12a12ffffff
Ems,871f144f6ffffff
Ems,871f12872ffffff
Ems,871f16bacffffff
Ems,871f14402ffffff
Ems,871f12823ffffff
Ems,871f1282affffff
Ems,871f16385ffffff
Ems,871f1628affffff
Ems,871f16b15ffffff
Ems,871f1604cffffff
Ems,871f16298ffffff
Ems,871f1441effffff
Ems,871f12ae1ffffff
Ems,871f12b8dffffff
Ems,871f12846ffffff
Ems,871f163a1ffffff
Ems,871f16b80ffffff
Ems,871f14576ffffff
Ems,871f12ae8ffffff
Ems,871f16b31ffffff
Ems,871f1442cffffff
Ems,871f12a4affffff
Ems,871f12854ffffff
Ems,871f16068ffffff
Ems,871f16a93ffffff
Ems,871f12af6ffffff
Ems,871f12900ffffff
Ems,871f12805ffffff
Ems,871f12a58ffffff
Ems,871f12ba9ffffff
Ems,871f16b9cffffff
Ems,871f16ba3ffffff
Ems,871f144f4ffffff
Ems,871f12b12ffffff
Ems,871f141b4ffffff
Ems,871f14400ffffff
Ems,871f16281ffffff
Ems,871f16288ffffff
Ems,871f16b13ffffff
Ems,871f14509ffffff
Ems,871f12931ffffff
Ems,871f1604affffff
Ems,871f1441cffffff
Ems,871f1629dffffff
Ems,871f14423ffffff
Ems,871f12b8bffffff
Ems,871f162a4ffffff
Ems,871f14c58ffffff
Ems,871f12ae6ffffff
Ems,871f1284bffffff
Ems,871f16b85ffffff
Ems,871f12aedffffff
Ems,871f12af4ffffff
Ems,871f14196ffffff
Ems,871f12aa5ffffff
Ems,871f1606dffffff
Ems,871f1448effffff
Ems,871f12aacffffff
Ems,871f16ba1ffffff
Ems,871f141b2ffffff
Ems,871f14405ffffff
Ems,871f12826ffffff
Ems,871f16381ffffff
Ems,871f14556ffffff
Ems,871f16b11ffffff
Ems,871f16388ffffff
Ems,871f14564ffffff
Ems,871f1441affffff
Ems,871f1629bffffff
Ems,871f14421ffffff
Ems,871f12842ffffff
Ems,871f14572ffffff
Ems,871f12849ffffff
Ems,871f163a4ffffff
Ems,871f16b83ffffff
Ems,871f14c5dffffff
Ems,871f14194ffffff
Ems,871f1606bffffff
Ems,871f1448cffffff
Ems,871f12903ffffff
Ems,871f16b98ffffff
Ems,871f1290affffff
Ems,871f12bacffffff
Ems,871f141b0ffffff
Ems,871f12873ffffff
Ems,871f12824ffffff
Ems,871f16284ffffff
Ems,871f12926ffffff
Ems,871f1282bffffff
Ems,871f14562ffffff
Ems,871f16299ffffff
Ems,871f12a36ffffff
Ems,871f12840ffffff
Ems,871f14570ffffff
Ems,871f162a0ffffff
Ems,871f12ae2ffffff
Ems,871f16b81ffffff
Ems,871f14c5bffffff
Ems,871f1284effffff
Inn,871f8d2d2ffffff
Inn,871e32586ffffff
Inn,871f89932ffffff
Inn,871e32418ffffff
Inn,871f899a0ffffff
Inn,871f89d58ffffff
Inn,871e32433ffffff
Inn,871f8d2d8ffffff
Inn,871e3258cffffff
Inn,871f899a2ffffff
Inn,871f8d2daffffff
Inn,871f89d41ffffff
Inn,871e3241cffffff
Inn,871f89921ffffff
Inn,871e32403ffffff
Inn,871f89d43ffffff
Inn,871f89923ffffff
Inn,871f8d2deffffff
Inn,871f89c73ffffff
Inn,871e32594ffffff
Inn,871f8d2c9ffffff
Inn,871f89993ffffff
Inn,871e325b3ffffff
Inn,871f89910ffffff
Inn,871f89995ffffff
Inn,871f89912ffffff
Inn,871f8d2cdffffff
Inn,871e32581ffffff
Inn,871f8992dffffff
Inn,871f89d6affffff
Inn,871f89914ffffff
Inn,871e32583ffffff
Inn,871f89d6cffffff
Inn,871f89916ffffff
Inn,871f89931ffffff
Inn,871f89d6effffff
Inn,871f8d2d3ffffff
Inn,871f89933ffffff
Inn,871e32415ffffff
Inn,871e32589ffffff
Inn,871f89935ffffff
Inn,871e32432ffffff
Inn,871f89986ffffff
Inn,871e32419ffffff
Inn,871f89c51ffffff
Inn,871f8d2d9ffffff
Inn,871e3258dffffff
Inn,871e3241bffffff
Inn,871f89d5bffffff
Inn,871f89920ffffff
Inn,871e32402ffffff
Inn,871e3241dffffff
Inn,871f899a5ffffff
Inn,871f89d5dffffff
Inn,871f89c55ffffff
Inn,871f89c70ffffff
Inn,871f89922ffffff
Inn,871f8d2ddffffff
Inn,871f89c74ffffff
Inn,871f89990ffffff
Inn,871e32595ffffff
Inn,871f8d2c8ffffff
Inn,871f89992ffffff
Inn,871e325b2ffffff
Inn,871f8d2caffffff
Inn,871f89d4cffffff
Inn,871f8d2ccffffff
Inn,871e32580ffffff
Inn,871f8992cffffff
Inn,871f89d4effffff
Inn,871f899b1ffffff
Inn,871f8d2ceffffff
Inn,871e32582ffffff
Inn,871f899b3ffffff
Inn,871f89930ffffff
Inn,871e3244cffffff
Inn,871e32454ffffff
Inn,871e32455ffffff
Inn,871e32456ffffff
Inn,871e3240bffffff
Inn,871e32440ffffff
Inn,871e32441ffffff
Inn,871e32442ffffff
Inn,871e32446ffffff
Inn,871e32076ffffff
Inn,871e32009ffffff
Inn,871e32070ffffff
Inn,871e3200bffffff
Inn,871e32072ffffff
Inn,871e32056ffffff
Inn,871e3200dffffff
Main,871fa8c93ffffff
Main,871fa8584ffffff
Main,871fa9584ffffff
Main,871faeab1ffffff
Main,871fae148ffffff
Main,871fa8c94ffffff
Main,871fa8080ffffff
Main,871fa8676ffffff
Main,871fa9585ffffff
Main,871fa9080ffffff
Main,871fa855dffffff
Main,871faeab2ffffff
Main,871fa8626ffffff
Main,871fa9626ffffff
Main,871fae149ffffff
Main,871fa83a4ffffff
Main,871fa95aeffffff
Main,871fa8c95ffffff
Main,871fa919affffff
Main,871fa8586ffffff
Main,871fa8081ffffff
Main,871fa8768ffffff
Main,871faeab3ffffff
Main,871fa8718ffffff
Main,871fae14affffff
Main,871fa83a5ffffff
Main,871fa919bffffff
Main,871fa8c96ffffff
Main,871fa8741ffffff
Main,871fa8719ffffff
Main,871fa9719ffffff
Main,871fae14bffffff
Main,871fa83a6ffffff
Main,871fa8588ffffff
Main,871fa8083ffffff
Main,871fa9083ffffff
Main,871fa876affffff
Main,871faeab5ffffff
Main,871fa8629ffffff
Main,871fa9510ffffff
Main,871fa9ce8ffffff
Main,871fa85b1ffffff
Main,871fa9cc0ffffff
Main,871fa95b1ffffff
Main,871fa8084ffffff
Main,871fa9084ffffff
Main,871fa8470ffffff
Main,871fa876bffffff
Main,871fa8561ffffff
Main,871fa871bffffff
Main,871fa8602ffffff
Main,871fa8db2ffffff
Main,871fa919effffff
Main,871fa8085ffffff
Main,871fa876cffffff
Main,871fa871cffffff
Main,871fa9512ffffff
Main,871fa9ceaffffff
Main,871fa83a9ffffff
Main,871fa9cc2ffffff
Main,871faeae0ffffff
Main,871fa8472ffffff
Main,871fa8563ffffff
Main,871fa8745ffffff
Main,871fa871dffffff
Main,871fae268ffffff
Main,871fa8604ffffff
Main,871fa9cebffffff
Main,871fa95b4ffffff
Main,871fa858cffffff
Main,871faeae1ffffff
Main,871fa8473ffffff
Main,871fa876effffff
Main,871fae150ffffff
Main,871fa95b5ffffff
Main,871fa858dffffff
Main,871faeae2ffffff
Main,871fa8474ffffff
Main,871fa8606ffffff
Main,871fa9515ffffff
Main,871fae151ffffff
Main,871fa8db6ffffff
Main,871fa83acffffff
Main,871fa9cc5ffffff
Main,871fa90b1ffffff
Main,871fa858effffff
Main,871fae26bffffff
Main,871fa9516ffffff
Main,871fa9ceeffffff
Main,871fa83adffffff
Main,871fa9cc6ffffff
Main,871faea94ffffff
Main,871fa9630ffffff
Main,871fae26cffffff
Main,871fa8608ffffff
Main,871fa8d90ffffff
Main,871fa874affffff
Main,871fa8631ffffff
Main,871fae26dffffff
Main,871fa9722ffffff
Main,871fa90b4ffffff
Main,871faeae6ffffff
Main,871fa8541ffffff
Main,871fa9632ffffff
Main,871fa860affffff
Main,871fa83b0ffffff
Main,871fa9cc9ffffff
Main,871fa90b5ffffff
Main,871fa8d92ffffff
Main,871fa856affffff
Main,871fa874cffffff
Main,871fa9633ffffff
Main,871fa8310ffffff
Main,871fa860bffffff
Main,871fa8d93ffffff
Main,871faeae8ffffff
Main,871fa842affffff
Main,871fae248ffffff
Main,871fa8d94ffffff
Main,871faeae9ffffff
Main,871fa8180ffffff
Main,871fa874effffff
Main,871fa8635ffffff
Main,871fa8726ffffff
Main,871fa9635ffffff
Main,871fa8312ffffff
Main,871fa9726ffffff
Main,871fa860dffffff
Main,871fa83b3ffffff
Main,871fa8181ffffff
Main,871fa8272ffffff
Main,871fa8545ffffff
Main,871fa8222ffffff
Main,871fa9636ffffff
Main,871fa8313ffffff
Main,871fa8404ffffff
Main,871fae159ffffff
Main,871fae24affffff
Main,871fa9ccdffffff
Main,871faeaebffffff
Main,871fa8182ffffff
Main,871fa856effffff
Main,871fa8223ffffff
Main,871fa8405ffffff
Main,871fa9700ffffff
Main,871fa83b5ffffff
Main,871faeaecffffff
Main,871fa8183ffffff
Main,871fae24cffffff
Main,871fa9701ffffff
Main,871fa8598ffffff
Main,871fa8316ffffff
Main,871fa9520ffffff
Main,871fa8702ffffff
Main,871fae15cffffff
Main,871fa9cd0ffffff
Main,871fa8599ffffff
Main,871faeaeeffffff
Main,871fa8430ffffff
Main,871fa9521ffffff
Main,871fa8703ffffff
Main,871fae15dffffff
Main,871fae24effffff
Main,871fa9703ffffff
Main,871fa9cd1ffffff
Main,871fa8390ffffff
Main,871fa8186ffffff
Main,871fa854affffff
Main,871fa8431ffffff
Main,871fa8409ffffff
Main,871fa9704ffffff
Main,871fa8250ffffff
Main,871fa9523ffffff
Main,871fae369ffffff
Main,871fa859cffffff
Main,871fa8392ffffff
Main,871fa8188ffffff
Main,871faeac9ffffff
Main,871fa8251ffffff
Main,871fa8706ffffff
Main,871fa859dffffff
Main,871fa9098ffffff
Main,871faeaa2ffffff
Main,871fa822affffff
Main,871fa9525ffffff
Main,871fae36bffffff
Main,871fa840cffffff
Main,871fa9cd5ffffff
Main,871fa8099ffffff
Main,871fa8394ffffff
Main,871fa818affffff
Main,871fa9099ffffff
Main,871fa8758ffffff
Main,871fa854effffff
Main,871faeaa3ffffff
Main,871fae36cffffff
Main,871fa840dffffff
Main,871fa9708ffffff
Main,871fa9cd6ffffff
Main,871fa97a9ffffff
Main,871faeaf4ffffff
Main,871fa8759ffffff
Main,871fa8254ffffff
Main,871fa8436ffffff
Main,871fa8731ffffff
Main,871fae36dffffff
Main,871fa8204ffffff
Main,871fa809bffffff
Main,871fa8396ffffff
Main,871faeaf5ffffff
Main,871fa818cffffff
Main,871faeacdffffff
Main,871fa875affffff
Main,871fa8619ffffff
Main,871fa8205ffffff
Main,871fa970affffff
Main,871fa97abffffff
Main,871fa95a1ffffff
Main,871fa909cffffff
Main,871fa822effffff
Main,871fa85a2ffffff
Main,871fa809dffffff
Main,871fa818effffff
Main,871fa95a2ffffff
Main,871fa909dffffff
Main,871fa875cffffff
Main,871fa970cffffff
Main,871fa8cb2ffffff
Main,871fa95a3ffffff
Main,871fa875dffffff
Main,871fa8258ffffff
Main,871faeaa8ffffff
Main,871fa8735ffffff
Main,871fa8230ffffff
Main,871fa861cffffff
Main,871fae349ffffff
Main,871fa8cb3ffffff
Main,871fa8190ffffff
Main,871fa9190ffffff
Main,871fa875effffff
Main,871faeaa9ffffff
Main,871fa8231ffffff
Main,871fa861dffffff
Main,871fa8209ffffff
Main,871fae259ffffff
Main,871fa970effffff
Main,871fa9504ffffff
Main,871fa80a0ffffff
Main,871fa95a5ffffff
Main,871fa825affffff
Main,871faeaaaffffff
Main,871fa85a6ffffff
Main,871fa8192ffffff
Main,871fa9192ffffff
Main,871fa825bffffff
Main,871faeaabffffff
Main,871fa9506ffffff
Main,871fa8cb6ffffff
Main,871fa80a2ffffff
Main,871fa90a2ffffff
Main,871fa9193ffffff
Main,871fa8761ffffff
Main,871fa8234ffffff
Main,871fa820cffffff
Main,871fae34dffffff
Main,871fa80a3ffffff
Main,871fa8194ffffff
Main,871fa9194ffffff
Main,871fa8235ffffff
Main,871fa820dffffff
Main,871fae25dffffff
Main,871fa80a4ffffff
Main,871fa8195ffffff
Main,871fa8c90ffffff
Main,871fa8763ffffff
Main,871fa825effffff
Main,871fa8559ffffff
Main,871faeaaeffffff
Main,871fa8622ffffff
Main,871fa83a0ffffff
Main,871fa8196ffffff
Main,871fa9196ffffff
Main,871fa8582ffffff
Main,871fa8c92ffffff
Main,871fa8583ffffff
Main,871fa8674ffffff
Main,871fa855bffffff
Main,871faeab0ffffff
Moselle,871fa3474ffffff
Moselle,871fa3476ffffff
Moselle,871fa319cffffff
Moselle,871fa3568ffffff
Moselle,871fa356dffffff
Moselle,871fa319effffff
Moselle,871fa1686ffffff
Moselle,871fa3aa9ffffff
Moselle,871fa3a80ffffff
Moselle,871fa3b6affffff
Moselle,871fa3b41ffffff
Moselle,871fa16a3ffffff
Moselle,871fa1628ffffff
Moselle,871fa3b5effffff
Moselle,871fa3aaeffffff
Moselle,871fa3a85ffffff
Moselle,871fa3036ffffff
Moselle,871fa3149ffffff
Moselle,871fa3a0affffff
Moselle,871fa16a8ffffff
Moselle,871fa162dffffff
Moselle,871fa3a96ffffff
Moselle,871fa3183ffffff
Moselle,871fa3a1bffffff
Moselle,871fa3ab3ffffff
Moselle,871fa3064ffffff
Moselle,871fa1615ffffff
Moselle,871fa16adffffff
Moselle,871fa1684ffffff
Moselle,871fa3142ffffff
Moselle,871fa3006ffffff
Moselle,871fa3023ffffff
Moselle,871fa3153ffffff
Moselle,871fa3b50ffffff
Moselle,871fa16b2ffffff
Moselle,871fa3a08ffffff
Moselle,871fa318dffffff
Moselle,871fa162bffffff
Moselle,871fa1602ffffff
Moselle,871fa3ae6ffffff
Moselle,871fa3a94ffffff
Moselle,871fa3181ffffff
Moselle,871fa3158ffffff
Moselle,871fa3a19ffffff
Moselle,871fa3ab1ffffff
Moselle,871fa1613ffffff
Moselle,871fa3a0dffffff
Moselle,871fa3004ffffff
Moselle,871fa3a2affffff
Moselle,871fa3a01ffffff
Moselle,871fa315dffffff
Moselle,871fa3021ffffff
Moselle,871fa3b5affffff
Moselle,871fa3a1effffff
Moselle,871fa3a64ffffff
Moselle,871fa3151ffffff
Moselle,871fa3b4effffff
Moselle,871fa3a12ffffff
Moselle,871fa16b0ffffff
Moselle,871fa3aaaffffff
Moselle,871fa3032ffffff
Moselle,871fa3b6bffffff
Moselle,871fa160cffffff
Moselle,871fa1629ffffff
Moselle,871fa1600ffffff
Moselle,871fa3a92ffffff
Moselle,871fa3b53ffffff
Moselle,871fa3060ffffff
Moselle,871fa3a86ffffff
Moselle,871fa1611ffffff
Moselle,871fa3aa3ffffff
Moselle,871fa3a28ffffff
Moselle,871fa1674ffffff
Moselle,871fa315bffffff
Moselle,871fa3b58ffffff
Moselle,871fa3a1cffffff
Moselle,871fa3065ffffff
Moselle,871fa3b4cffffff
Moselle,871fa3a10ffffff
Moselle,871fa16aeffffff
Moselle,871fa3aa8ffffff
Moselle,871fa3a2dffffff
Moselle,871fa3b40ffffff
Moselle,871fa3a90ffffff
Moselle,871fa3b51ffffff
Moselle,871fa16b3ffffff
Moselle,871fa3aadffffff
Moselle,871fa3a84ffffff
Moselle,871fa3b45ffffff
Moselle,871fa3a09ffffff
Moselle,871fa318effffff
Moselle,871fa31abffffff
Moselle,871fa3a95ffffff
Moselle,871fa3159ffffff
Moselle,871fa3b4affffff
Moselle,871fa3a0effffff
Moselle,871fa16acffffff
Moselle,871fa3a2bffffff
Moselle,871fa3022ffffff
Moselle,871fa3b5bffffff
Moselle,871fa3a13ffffff
Moselle,871fa16b1ffffff
Moselle,871fa3aabffffff
Moselle,871fa3a82ffffff
Moselle,871fa3033ffffff
Moselle,871fa3b43ffffff
Moselle,871fa318cffffff
Moselle,871fa3a76ffffff
Moselle,871fa162affffff
Moselle,871fa1601ffffff
Moselle,871fa175affffff
Moselle,871fa3a18ffffff
Moselle,871fa16b6ffffff
Moselle,871fa3ab0ffffff
Moselle,871fa314bffffff
Moselle,871fa3b48ffffff
Moselle,871fa3a0cffffff
Moselle,871fa302cffffff
Moselle,871fa1606ffffff
Moselle,871fa315cffffff
Moselle,871fa3020ffffff
Moselle,871fa3b59ffffff
Moselle,871fa3a1dffffff
Moselle,871fa3066ffffff
Moselle,871fa3b4dffffff
Moselle,871fa3a11ffffff
Oder,871f19014ffffff
Oder,871f19189ffffff
Oder,871f19016ffffff
Oder,871f19036ffffff
Oder,871f19010ffffff
Oder,871f19030ffffff
Oder,871f19013ffffff
Oder,871f19032ffffff
Oder,871f1911bffffff
Oder,871f19118ffffff
Oder,871f1911dffffff
Oder,871f19131ffffff
Oder,871f19104ffffff
Oder,871f1989bffffff
Oder,871f19135ffffff
Oder,871f19880ffffff
Oder,871f198a1ffffff
Oder,871f19881ffffff
Oder,871f198a5ffffff
Oder,871f19885ffffff
Oder,871f19812ffffff
Oder,871f198a3ffffff
Oder,871f198a0ffffff
Oder,871f19831ffffff
Oder,871f19822ffffff
Oder,871f19826ffffff
Oder,871f19922ffffff
Oder,871f1d299ffffff
Oder,871f19926ffffff
Oder,871f19920ffffff
Oder,871f1d29dffffff
Oder,871f19924ffffff
Oder,871f19923ffffff
Oder,871f1d3b6ffffff
Oder,871f1d395ffffff
Oder,871f1d0e9ffffff
Oder,871f1d3b2ffffff
Oder,871f1d3b3ffffff
Oder,871f1d3b4ffffff
Oder,871f1d06effffff
Oder,871f1d041ffffff
Oder,871f1d06affffff
Oder,871f1d045ffffff
Oder,871f1d068ffffff
Oder,871f1d040ffffff
Oder,871f1da2affffff
Oder,871f1da00ffffff
Oder,871f1da1dffffff
Oder,871f1da01ffffff
Oder,871f1da18ffffff
Oder,871f1da03ffffff
Oder,871f1da1cffffff
Oder,871f1da05ffffff
Rhine,871f8e810ffffff
Rhine,871f8e8c1ffffff
Rhine,871f8e164ffffff
Rhine,871f8e8f5ffffff
Rhine,871f8e165ffffff
Rhine,871f8e8ceffffff
Rhine,871f8e8c3ffffff
Rhine,871f8e81effffff
Rhine,871f8e8f1ffffff
Rhine,871f8e813ffffff
Rhine,871f8e16cffffff
Rhine,871f8e8adffffff
Rhine,871f8e161ffffff
Rhine,871f8e8c4ffffff
Rhine,871f8e8caffffff
Rhine,871f8e81affffff
Rhine,871f8e168ffffff
Rhine,871f8e8cbffffff
Rhine,871f8e8e2ffffff
Rhine,871f8e16effffff
Rhine,871f8e8c0ffffff
Rhine,871f8e81bffffff
Rhine,871f8e988ffffff
Rhine,871f8e98bffffff
Rhine,871f8e98effffff
Rhine,871f8e990ffffff
Rhine,871f8e991ffffff
Rhine,871f8e995ffffff
Rhine,871f8e996ffffff
Rhine,871f8e816ffffff
Rhine,871f8e980ffffff
Rhine,871f8e981ffffff
Rhine,871f8e982ffffff
Rhine,871f8e983ffffff
Rhine,871f8e8a5ffffff
Rhine,871fa19abffffff
Rhine,871faadaeffffff
Rhine,871fae618ffffff
Rhine,871fa5769ffffff
Rhine,871fa199bffffff
Rhine,871fa172effffff
Rhine,871faad9effffff
Rhine,871fae12effffff
Rhine,871fa5393ffffff
Rhine,871fa16d9ffffff
Rhine,871fa5b99ffffff
Rhine,871fae70cffffff
Rhine,871fa5749ffffff
Rhine,871fa1936ffffff
Rhine,871fae0d9ffffff
Rhine,871fa5383ffffff
Rhine,871fa52b4ffffff
Rhine,871fae153ffffff
Rhine,871fa1674ffffff
Rhine,871faed64ffffff
Rhine,871fa1110ffffff
Rhine,871fae61dffffff
Rhine,871fa1916ffffff
Rhine,871fae766ffffff
Rhine,871fa5a9affffff
Rhine,871fa5872ffffff
Rhine,871fa582dffffff
Rhine,871fa564affffff
Rhine,871fae133ffffff
Rhine,871fa1723ffffff
Rhine,871faed44ffffff
Rhine,871fa10abffffff
Rhine,871faec75ffffff
Rhine,871fa18b1ffffff
Rhine,871fa1758ffffff
Rhine,871faad83ffffff
Rhine,871fa5b8effffff
Rhine,871f8535effffff
Rhine,871fae0ceffffff
Rhine,871fa108bffffff
Rhine,871faad2effffff
Rhine,871fae6f1ffffff
Rhine,871fa5956ffffff
Rhine,871fa5842ffffff
Rhine,871fa19a5ffffff
Rhine,871faed59ffffff
Rhine,871fa1036ffffff
Rhine,871fa5bb3ffffff
Rhine,871fa5901ffffff
Rhine,871fa16e3ffffff
Rhine,871fae128ffffff
Rhine,871fae0e3ffffff
Rhine,871fa1016ffffff
Rhine,871fa18a6ffffff
Rhine,871fa16c3ffffff
Rhine,871fa111affffff
Rhine,871fa5b83ffffff
Rhine,871f85353ffffff
Rhine,871fa5ab4ffffff
Rhine,871fa19aaffffff
Rhine,871fae0c3ffffff
Rhine,871faad23ffffff
Rhine,871f85343ffffff
Rhine,871fae72bffffff
Rhine,871fa1886ffffff
Rhine,871fae029ffffff
Rhine,871faad13ffffff
Rhine,871fa198affffff
Rhine,871fae172ffffff
Rhine,871fa1609ffffff
Rhine,871fa10a5ffffff
Rhine,871faad03ffffff
Rhine,871fa5b98ffffff
Rhine,871f85368ffffff
Rhine,871fae70bffffff
Rhine,871fae6c6ffffff
Rhine,871fa585cffffff
Rhine,871fa5748ffffff
Rhine,871fa5382ffffff
Rhine,871fa170dffffff
Rhine,871fa11a9ffffff
Rhine,871fa5669ffffff
Rhine,871fae0c8ffffff
Rhine,871fae61cffffff
Rhine,871fa5950ffffff
Rhine,871fa590bffffff
Rhine,871fa576dffffff
Rhine,871fa5293ffffff
Rhine,871fa1189ffffff
Rhine,871fae132ffffff
Rhine,871fa16ddffffff
Rhine,871faed43ffffff
Rhine,871fa10aaffffff
Rhine,871fa5b9dffffff
Rhine,871f8536dffffff
Rhine,871fa574dffffff
Rhine,871fae0ddffffff
Rhine,871fa5332ffffff
Rhine,871fa1114ffffff
Rhine,871fae6f0ffffff
Rhine,871fa1890ffffff
Rhine,871faed58ffffff
Rhine,871faec44ffffff
Rhine,871fa1880ffffff
Rhine,871fa539cffffff
Rhine,871fa5312ffffff
Rhine,871fa16e2ffffff
Rhine,871fae6d0ffffff
Rhine,871fa18b5ffffff
Rhine,871fa175cffffff
Rhine,871fa1c6bffffff
Rhine,871fa5b82ffffff
Rhine,871fae6f5ffffff
Rhine,871fa5ab3ffffff
Rhine,871fa595affffff
Rhine,871fa1895ffffff
Rhine,871fa53b1ffffff
Rhine,871faadacffffff
Rhine,871fa1999ffffff
Rhine,871fa1885ffffff
Rhine,871fa53a1ffffff
Rhine,871faad9cffffff
Rhine,871faad12ffffff
Rhine,871fae6d5ffffff
Rhine,871fa5391ffffff
Rhine,871faad02ffffff
Rhine,871fa585bffffff
Rhine,871fae008ffffff
Rhine,871fa1751ffffff
Rhine,871fa170cffffff
Rhine,871fa52b2ffffff
Rhine,871fa111effffff
Rhine,871fa5668ffffff
Rhine,871fa19aeffffff
Rhine,871faed62ffffff
Rhine,871faec4effffff
Rhine,871fae61bffffff
Rhine,871fae02dffffff
Rhine,871fa53a6ffffff
Rhine,871fa16ecffffff
Rhine,871fa5292ffffff
Rhine,871faada1ffffff
Rhine,871fae764ffffff
Rhine,871fa5a98ffffff
Rhine,871fa5870ffffff
Rhine,871fa5648ffffff
Rhine,871fae176ffffff
Rhine,871fae131ffffff
Rhine,871fa1721ffffff
Rhine,871fa1652ffffff
Rhine,871fa160dffffff
Rhine,871faed42ffffff
Rhine,871fae00dffffff
Rhine,871fa5386ffffff
Rhine,871fa11adffffff
Rhine,871faad81ffffff
Rhine,871f8535cffffff
Rhine,871fa566dffffff
Rhine,871fa1113ffffff
Rhine,871faad2cffffff
Rhine,871fae620ffffff
Rhine,871faec43ffffff
Rhine,871faad1cffffff
Rhine,871fa564dffffff
Rhine,871fa16e1ffffff
Rhine,871fa10aeffffff
Rhine,871fae600ffffff
Rhine,871fae0e1ffffff
Rhine,871fa175bffffff
Rhine,871fa5855ffffff
Rhine,871fa5336ffffff
Rhine,871f85351ffffff
Rhine,871fae6f4ffffff
Rhine,871fae625ffffff
Rhine,871fa19a8ffffff
Rhine,871fae0c1ffffff
Rhine,871fa1894ffffff
Rhine,871faed5cffffff
Rhine,871faec48ffffff
Rhine,871faad21ffffff
Rhine,871f85341ffffff
Rhine,871fae729ffffff
Rhine,871fa1884ffffff
Rhine,871fa53a0ffffff
Rhine,871fa172bffffff
Rhine,871fa5316ffffff
Rhine,871fa16e6ffffff
Rhine,871faad11ffffff
Rhine,871fae6d4ffffff
Rhine,871fa1988ffffff
Rhine,871fae12bffffff
Rhine,871faad01ffffff
Rhine,871fa5a82ffffff
Rhine,871fa585affffff
Rhine,871fa5380ffffff
Rhine,871fa1750ffffff
Rhine,871fa5b86ffffff
Rhine,871fa595effffff
Rhine,871fae150ffffff
Rhine,871fa53b5ffffff
Rhine,871faec4dffffff
Rhine,871fa5909ffffff
Rhine,871fa576bffffff
Rhine,871fa53a5ffffff
Rhine,871fa5069ffffff
Rhine,871fae130ffffff
Rhine,871fa1720ffffff
Rhine,871fa1132ffffff
Rhine,871fa10a8ffffff
Rhine,871fa5b9bffffff
Rhine,871fa574bffffff
Rhine,871fae0dbffffff
Rhine,871fa1755ffffff
Rhine,871fa52b6ffffff
Rhine,871fa5049ffffff
Rhine,871faec62ffffff
Rhine,871faad80ffffff
Rhine,871fa566cffffff
Rhine,871fae0cbffffff
Rhine,871fa1676ffffff
Rhine,871fa1088ffffff
Rhine,871fa5953ffffff
Rhine,871fa590effffff
Rhine,871fae076ffffff
Rhine,871fa5296ffffff
Rhine,871faec42ffffff
Rhine,871fa5bb0ffffff
Rhine,871fa5a9cffffff
Rhine,871fa5874ffffff
Rhine,871fa539affffff
Rhine,871fa1725ffffff
Rhine,871fa16e0ffffff
Rhine,871fa1656ffffff
Rhine,871fae0e0ffffff
Rhine,871fa175affffff
Rhine,871faad85ffffff
Rhine,871fa1c69ffffff
Rhine,871fa5854ffffff
Rhine,871fa16c0ffffff
Rhine,871fae6f3ffffff
Rhine,871fa5ab1ffffff
Rhine,871fae624ffffff
Rhine,871fae105ffffff
Rhine,871fae0c0ffffff
Rhine,871fa1893ffffff
Rhine,871faed5bffffff
Rhine,871fae728ffffff
Rhine,871fa172affffff
Rhine,871fa16e5ffffff
Rhine,871fae6d3ffffff
Rhine,871fae604ffffff
Rhine,871fae12affffff
Rhine,871fae0e5ffffff
Rhine,871faad00ffffff
Rhine,871fa5b95ffffff
Rhine,871fae708ffffff
Rhine,871fa16c5ffffff
Rhine,871fa52b0ffffff
Rhine,871fa19acffffff
Rhine,871fae0c5ffffff
Rhine,871faed60ffffff
Rhine,871faec4cffffff
Rhine,871fae72dffffff
Rhine,871fa5908ffffff
Rhine,871fa1912ffffff
Rhine,871fae02bffffff
Rhine,871fa5290ffffff
Rhine,871fa198cffffff
Rhine,871fa160bffffff
Rhine,871faed40ffffff
Rhine,871faec71ffffff
Rhine,871faad05ffffff
Rhine,871f8536affffff
Rhine,871fa5a86ffffff
Rhine,871fa585effffff
Rhine,871fae0daffffff
Rhine,871fae00bffffff
Rhine,871fa5384ffffff
Rhine,871fa1754ffffff
Rhine,871fa16caffffff
Rhine,871fa566bffffff
Rhine,871fae154ffffff
Rhine,871fae0caffffff
Rhine,871fa5952ffffff
Rhine,871fa19a1ffffff
Rhine,871fa1032ffffff
Rhine,871fa5a9bffffff
Rhine,871fa5873ffffff
Rhine,871fa564bffffff
Rhine,871fa1724ffffff
Rhine,871fa1136ffffff
Rhine,871fa10acffffff
Rhine,871fa504dffffff
Rhine,871faec66ffffff
Rhine,871fa18a2ffffff
Rhine,871fa5334ffffff
Rhine,871fa108cffffff
Rhine,871fa5ab0ffffff
Rhine,871fae623ffffff
Rhine,871fae104ffffff
Rhine,871faec46ffffff
Rhine,871fa5bb4ffffff
Rhine,871fa1882ffffff
Rhine,871fa539effffff
Rhine,871fae6d2ffffff
Rhine,871fae603ffffff
Rhine,871fae0e4ffffff
Rhine,871fa175effffff
Rhine,871fa10a1ffffff
Rhine,871fa5a80ffffff
Rhine,871fa1c6dffffff
Rhine,871fa5858ffffff
Rhine,871fa1709ffffff
Rhine,871fa16c4ffffff
Weser,871f13084ffffff
Weser,871fadc62ffffff
Weser,871f13191ffffff
Weser,871f13098ffffff
Weser,871f131a5ffffff
Weser,871f10606ffffff
Weser,871f10642ffffff
Weser,871f13615ffffff
Weser,871f1435affffff
Weser,871fadceeffffff
Weser,871f13736ffffff
Weser,871f13124ffffff
Weser,871fad4eaffffff
Weser,871f154d3ffffff
Weser,871f1356cffffff
Weser,871f1398cffffff
Weser,871fad526ffffff
Weser,871fadc45ffffff
Weser,871f137aeffffff
Weser,871fad455ffffff
Weser,871f10a1dffffff
Weser,871fad576ffffff
Weser,871f10312ffffff
Weser,871f10625ffffff
Weser,871fa8b69ffffff
Weser,871f10326ffffff
Weser,871f136f1ffffff
Weser,871f10b52ffffff
Weser,871f10746ffffff
Weser,871f1548effffff
Weser,871f1559bffffff
Weser,871fadce5ffffff
Weser,871f14258ffffff
Weser,871fad4cdffffff
Weser,871f103b2ffffff
Weser,871fad531ffffff
Weser,871fadd5dffffff
Weser,871f13086ffffff
Weser,871f139abffffff
Weser,871f13193ffffff
Weser,871fadd71ffffff
Weser,871f10a00ffffff
Weser,871f1309affffff
Weser,871f136c0ffffff
Weser,871f10608ffffff
Weser,871fad474ffffff
Weser,871f10a28ffffff
Weser,871fa8b60ffffff
Weser,871fad6b6ffffff
Weser,871f13710ffffff
Weser,871f10765ffffff
Weser,871fad6caffffff
Weser,871f1435cffffff
Weser,871fadcf0ffffff
Weser,871f13126ffffff
Weser,871fad4ecffffff
Weser,871f1344dffffff
Weser,871fa9d29ffffff
Weser,871f1356effffff
Weser,871f13881ffffff
Weser,871fadd40ffffff
Weser,871f10af0ffffff
Weser,871f13091ffffff
Weser,871f10b2cffffff
Weser,871f10314ffffff
Weser,871fa8b6bffffff
Weser,871f10b54ffffff
Weser,871f1559dffffff
Weser,871f1425affffff
Weser,871f155b1ffffff
Weser,871fa9d0cffffff
Weser,871f103a0ffffff
Weser,871f1388cffffff
Weser,871f100c9ffffff
Weser,871fadc66ffffff
Weser,871f13195ffffff
Weser,871fadd73ffffff
Weser,871f10a02ffffff
Weser,871f1309cffffff
Weser,871fad55bffffff
Weser,871f136c2ffffff
Weser,871f130b0ffffff
Weser,871f10a2affffff
Weser,871f14229ffffff
Weser,871f10333ffffff
Weser,871f10646ffffff
Weser,871f13712ffffff
Weser,871f10b73ffffff
Weser,871f14251ffffff
Weser,871f13114ffffff
Weser,871f1435effffff
Weser,871fadcf2ffffff
Weser,871fa9d2bffffff
Weser,871fad52affffff
Weser,871f139a4ffffff
Weser,871f10af2ffffff
Weser,871fadc5dffffff
Weser,871f138abffffff
Weser,871f131a0ffffff
Weser,871f10601ffffff
Weser,871f10a21ffffff
Weser,871f10316ffffff
Weser,871fad69bffffff
Weser,871f10b56ffffff
Weser,871f14341ffffff
Weser,871f13610ffffff
Weser,871f154a6ffffff
Weser,871f13133ffffff
Weser,871fa9d22ffffff
Weser,871f103a2ffffff
Weser,871fad50dffffff
Weser,871fad535ffffff
Weser,871f100cbffffff
Weser,871fad450ffffff
Weser,871f136c4ffffff
Weser,871f10a18ffffff
Weser,871f1060cffffff
Weser,871f136d8ffffff
Weser,871f10a2cffffff
Weser,871f10620ffffff
Weser,871f10335ffffff
Weser,871f15582ffffff
Weser,871f10755ffffff
Weser,871f13714ffffff
Weser,871f1361bffffff
Weser,871f10b75ffffff
Weser,871fadce0ffffff
Weser,871f14253ffffff
Weser,871fad4c8ffffff
Weser,871f13116ffffff
Weser,871fa9d05ffffff
Weser,871f13c69ffffff
Weser,871fad504ffffff
Weser,871f13885ffffff
Weser,871f13899ffffff
Weser,871f10af4ffffff
Weser,871f13095ffffff
Weser,871fad554ffffff
Weser,871f131a2ffffff
Weser,871f10603ffffff
Weser,871fadc9bffffff
Weser,871f15480ffffff
Weser,871f14343ffffff
Weser,871f10760ffffff
Weser,871fad6d9ffffff
Weser,871f1425effffff
Weser,871f14272ffffff
Weser,871f13135ffffff
Weser,871f154d0ffffff
Weser,871f13569ffffff
Weser,871f13989ffffff
Weser,871f138a4ffffff
Weser,871f137abffffff
Weser,871fadc6affffff
Weser,871fa9d74ffffff
Weser,871f136c6ffffff
Weser,871f10a1affffff
Weser,871f130b4ffffff
Weser,871f1060effffff
Weser,871fad573ffffff
Weser,871f136daffffff
Weser,871f10a2effffff
Weser,871f10622ffffff
Weser,871f1064affffff
Weser,871f13716ffffff
Weser,871f1548bffffff
Weser,871f15598ffffff
Weser,871fadce2ffffff
Weser,871f10672ffffff
Weser,871fadd46ffffff
Weser,871fadc4dffffff
Weser,871f1389bffffff
Weser,871f139a8ffffff
Weser,871fad542ffffff
Weser,871f10af6ffffff
Weser,871fadc61ffffff
Weser,871f13190ffffff
Weser,871f131a4ffffff
Weser,871fadc89ffffff
Weser,871fad471ffffff
Weser,871fad6b3ffffff
Weser,871f10655ffffff
Weser,871f14345ffffff
Weser,871f13614ffffff
Weser,871f10762ffffff
Weser,871fadcedffffff
Weser,871fad6dbffffff
Weser,871f13735ffffff
Weser,871f10a89ffffff
Weser,871f14274ffffff
Weser,871f103a6ffffff
Weser,871f1356bffffff
Weser,871f1398bffffff
Weser,871fa9d76ffffff
Weser,871f10a1cffffff
Weser,871f130b6ffffff
Weser,871f10b29ffffff
Weser,871f136dcffffff
Weser,871f10624ffffff
Weser,871fa8b68ffffff
Weser,871f10325ffffff
Weser,871f136f0ffffff
Weser,871f15586ffffff
Weser,871f13889ffffff
Weser,871f139aaffffff
Weser,871fadc63ffffff
Weser,871fadd70ffffff
Weser,871fad558ffffff
Weser,871fadc8bffffff
Weser,871fad473ffffff
Weser,871f10330ffffff
Weser,871f10643ffffff
Weser,871f10750ffffff
Weser,871f15484ffffff
Weser,871f10b70ffffff
Weser,871f10a8bffffff
Weser,871f13125ffffff
Weser,871f14276ffffff
Weser,871fad4ebffffff
Weser,871f10394ffffff
Weser,871f1356dffffff
Weser,871f1398dffffff
Weser,871f139a1ffffff
Weser,871fa9d64ffffff
Weser,871fadc6effffff
Weser,871f131b1ffffff
Weser,871f14209ffffff
Weser,871f10626ffffff
Weser,871fad698ffffff
Weser,871f10b53ffffff
Weser,871f1064effffff
Weser,871f1559cffffff
Weser,871fadce6ffffff
Weser,871f154a3ffffff
Weser,871f155b0ffffff
Weser,871f13130ffffff
Weser,871f103b3ffffff
Weser,871f1388bffffff
Weser,871fadd4affffff
Weser,871fadc51ffffff
Weser,871f1309bffffff
Weser,871fad475ffffff
Weser,871fa8b61ffffff
Weser,871f10332ffffff
Weser,871f10752ffffff
Weser,871f10b72ffffff
Weser,871f14250ffffff
Weser,871f1005bffffff
Weser,871fadcf1ffffff
Weser,871f10a8dffffff
Weser,871fad4edffffff
Weser,871f10396ffffff
Weser,871f154d6ffffff
Weser,871fa9d2affffff
Weser,871fadd41ffffff
Weser,871f13789ffffff
Weser,871fadc48ffffff
Weser,871fadc5cffffff
Weser,871fa9d66ffffff
Weser,871f138aaffffff
Weser,871fad551ffffff
Weser,871f10600ffffff
Weser,871f131b3ffffff
Weser,871f10b2dffffff
Weser,871fad686ffffff
Weser,871fad69affffff
Weser,871f136f4ffffff
Weser,871fadcd4ffffff
Weser,871fadce8ffffff
Weser,871f10771ffffff
Weser,871f13730ffffff
Weser,871f103a1ffffff
Weser,871fad50cffffff
Weser,871fa9d35ffffff
Weser,871f103b5ffffff
Weser,871fad520ffffff
Weser,871f1388dffffff
Weser,871f138a1ffffff
Weser,871f139aeffffff
Weser,871fadd74ffffff
Weser,871f10a03ffffff
Weser,871fad55cffffff
Weser,871f136c3ffffff
Weser,871fa8b63ffffff
Weser,871fad691ffffff
Weser,871f10320ffffff
Weser,871f10754ffffff
Weser,871f13713ffffff
Weser,871f15488ffffff
Weser,871f1361affffff
Weser,871f10b74ffffff
Weser,871f10049ffffff
Weser,871fadcf3ffffff
Weser,871fa9d04ffffff
Weser,871fadd43ffffff
Weser,871fad52bffffff
Weser,871f13080ffffff
Weser,871f139a5ffffff
Weser,871f10af3ffffff
Weser,871fadc5effffff
Weser,871fad446ffffff
Weser,871f131b5ffffff
Weser,871fa8b6effffff
Weser,871fad6b0ffffff
Weser,871f13611ffffff
Weser,871f10773ffffff
Weser,871f13732ffffff
Weser,871f13c4bffffff
Weser,871f13120ffffff
Weser,871f1436affffff
Weser,871f155b4ffffff
Weser,871f13134ffffff
Weser,871f103a3ffffff
Weser,871f13568ffffff
Weser,871f13988ffffff
Weser,871fad522ffffff
Weser,871f10ad6ffffff
Weser,871fadc41ffffff
Weser,871fadd4effffff
Weser,871f137aaffffff
Weser,871fad451ffffff
Weser,871f10a05ffffff
Weser,871f130b3ffffff
Weser,871f1060dffffff
Weser,871fad572ffffff
Weser,871f136d9ffffff
Weser,871fa8b65ffffff
Weser,871f10322ffffff
Weser,871f15583ffffff
Weser,871f1065dffffff
Weser,871fadce1ffffff
Weser,871f1004bffffff
Weser,871f14254ffffff
Weser,871fad4c9ffffff
Weser,871fad505ffffff
Weser,871f154daffffff
Weser,871f1378dffffff
Weser,871fadc4cffffff
Weser,871f1389affffff
Weser,871fadd59ffffff
Weser,871f13082ffffff
Weser,871f10af5ffffff
Weser,871fadc60ffffff
Weser,871f138aeffffff
Weser,871fad555ffffff
Weser,871f10b09ffffff
Weser,871f131a3ffffff
Weser,871f10604ffffff
Weser,871fad69effffff
Weser,871f15481ffffff
Weser,871f13613ffffff
Weser,871f14358ffffff
Weser,871fadcecffffff
Weser,871f10775ffffff
Weser,871f13734ffffff
Weser,871fad4e8ffffff
Weser,871f13136ffffff
Weser,871f13449ffffff
Weser,871f103a5ffffff
Weser,871f1356affffff
Weser,871fad524ffffff
Weser,871fadc43ffffff
Weser,871f13186ffffff
Weser,871f138a5ffffff
Weser,871f137acffffff
Weser,871fa9d75ffffff
Weser,871fad453ffffff
Weser,871f10a1bffffff
Weser,871f130b5ffffff
Weser,871f136dbffffff
Weser,871fad695ffffff
Weser,871f10324ffffff
Weser,871f1064bffffff
Weser,871f15599ffffff
Weser,871f1361effffff
Weser,871fadce3ffffff
Weser,871f14256ffffff
Weser,871fad4cbffffff
Weser,871f154a0ffffff
Weser,871f10673ffffff
Weser,871f13632ffffff
Weser,871f103b0ffffff
Weser,871fadc4effffff
